00d92336ba271c1fd9eb25852167ffd62341a8c2.png,LIT444WH
012004b4b1f6f6a3195ac12e8e51e4e62057f851.png,GELZGOLL
01d1acfffe8b31903c34f7c38de890c8ec61da1e.png,9RQRXK6V
021397b21f0c193ff67d74ebc1c1ebbcbccdd157.png,ZFNHUU0H
0240fc1414b05f7d37fec32f3e283afbff7149a3.png,KIMPWNCZ
02c287fa03a1dbe208653e8284252859a882b461.png,T44CIMYV
0326496397558e80ca6ce178c3bc30976c5c1d44.png,OPCCX7AB
032fcb2658700516141dc6acd532ca1b45b498bf.png,RMAUSRXV
034df2f6b2c167684ee2e6e7ddc3749b4875443c.png,1LFZNR0N
037a367a7af5ff408705df19601b6613f21faf74.png,UHM26MTB
0401a87f8effe69871126eae2f3e2b00f15982ab.png,X1K05YXK
04955834e60200e71f53f0987003aed7d9618b27.png,6GF3GMMQ
056d74abeecc7f9b62f4d782a226560da64026ec.png,MI45L7BN
06f60d8ca394fbb746743fbc0917e086179d7618.png,3EQIQMAJ
0792e570e7f45c612f2ea7ca65b99c867e08aa31.png,9OCIZBQK
07be9f16c0b18d441c66174d662d676fb38c99c9.png,K579FY3C
08118f70437a0dcaaef1ef88ed0aa3e90fd2fbd3.png,0OJPZ3YN
0818b2b41d167270a5ad85de1dbf95fd29ef0510.png,RHJ9QSH3
0845d227d5459fbd70be1720ae28d0fa9bf7842b.png,3L31Q7EY
093b96f060cd0b9c4e4b74bc2cf3e1a25bf5ba27.png,CYC8W1SV
09fa81d5466aafafa0375e1c0773b7968a140e1d.png,LFPEW8M3
0acdf59003996f3a664b32ea01cb6a3903d68912.png,FVVRU1YC
0b4e231272e533e73c1418a4f524250ae3886a80.png,T7CD5ESK
0b9da641bf2f45b6738749910ba804ee9152f324.png,T3N1433R
0bd4eba7626d5c54d1f47e424100a058763b243b.png,RDNQFBBC
0be5bfed78a6adba1e7dfcac3b38c98325ac9ad0.png,YS91K3L7
0bf23794e7af0e29c406676f9dd71cc5a43f773a.png,9EYYOJH1
0bff4b4e1896cd3da88397cfcaba7f46b2d3cb4a.png,ELMWTZC8
0c16f1864899a5502e9f6352a3bc0558156f4045.png,MAQZKLTR
0c2f7710d9c4a27d5a7cd83ed9199d3d73b4854e.png,0FI8L5D4
0cbd373c5cd0d92112d1c7bb76ac3a3533ebc58d.png,XA44DLBX
0ce2eb6c0465ebfc7e549f73352eba491652c7f5.png,MD5XIO2F
0ce6b4217b8e3fde17194f762ac5eef513b29952.png,3HZ7FBR7
0d4035f8f392376325c85ef9c95b527965a77fc3.png,6BGF3128
0d756562771a9c2b08115d031dcf2d885bf8ca72.png,AML8KVMA
0d8f5039a567b2bc940fe220e3bdeef151778298.png,Y5LX0BCV
0e4d2aa5e6459b62d0f508a7858a5ab176a804fc.png,ZOUV52QM
0e85c0bfc17e36b3b7e3f4c2a0f4cbe436bf28e5.png,LCO1D4BT
0ecf4612702c1ce176d65eb5244d1d8494bf2a26.png,JC9LGZ4Y
0fd4634c4dd8b5c6f7d933517e81ce1290e35b4a.png,T26W8HRR
108a7b778e4eeedd5dfcc18c8b27df4c335a649a.png,QV0SNLV9
109ef11d7ee1b3e5488c6e0450f8c0301184cdff.png,AVUXFV1U
117fcbfe787c279f3769602b18964debe2577392.png,JN2RNCG5
11d8323c92435541d9d3e52a7934ce38a0eff9e6.png,2EE915O8
126f114dfa586ac15e0c57d556f2c6d38a898de1.png,P0W1PB6F
1283e87a582e463a6731945aa738490f3cb4e67a.png,56HSNS8V
12ee960598fa727ce7bfb7a0282576b496e25cac.png,RCTH1R2O
131a160ac58f954a0d8444f49055d5f1d060f7ff.png,YZOAB1L4
131d31b680a0d25d1eeac3a3052ef2d80e84aa28.png,G99DX275
137fd9207c09924388c77bfb14c8bf80b273d9d9.png,J3ZSPBK4
13bd84f10572b9a98128d5466e7daa73240f5a01.png,2746I16X
14749c810d1623b4b6a229026b950ab2ceaaf18d.png,WZE85U7R
14d52ec69ed7ed62687bc1ae210e45daab5c97a7.png,REM4ACF5
15774db4091868bf1e3b0b0c9b549abe11121d2e.png,9X3OO1IH
163a7de3e84db058fe98bcef04f20e5cd1396ff9.png,PO5RGM91
16410368db7f6dbab9712b3d48203bf03e2dd505.png,0KJHPLXQ
16d4a5a2cbbc5c9913214907590ede99c67bd21d.png,HW2IVJG1
172514d78bbd5f9653bd012cdff87b70e9b12df2.png,ZK8YUZG1
176815dbb2bf2f6fee1fe55ff4eaf8cf40899586.png,GOLBB4NC
17acd0014d51c6a63b1c04fd889b651c77585ca2.png,A5T8DSK1
18cd32c7ff3d56f1d05dc1b9ec89b724b4a78205.png,FMI3SYAL
18e72331c170753ebfcc04c7cfaa9542e096af90.png,ZO6FULZU
1928a607e9e3d2184b03496b4f6bb8e4cc417606.png,7WWG8XPU
1928c5afeb09109d5533bcaf918576df1e602339.png,YNHM5TG4
1967b16bc383ca58262eb95d5d20269f4c8a383b.png,NN038QOR
19a134ae7b22d2b63bda2d965b2eab76fab8c271.png,2OFH0MAG
19eee877caad3bb7950b67017c1253a7ed542ae8.png,TD944LMB
1aff2b786747bd60e96b6368b8c4d6d63e3621bd.png,5CZRWWCW
1b0b8c470784e06d066e986df3283d27bd44e013.png,UUTMREI7
1b62dc29a66c5facc33ca751a08513806bbd0ef7.png,B8IY0OHD
1c0e5d032abe34d4934aa76fb256f219a9e76a6b.png,YDJY92IZ
1c4aad0d5fa2a847eefb2a82081ed5df1d8e4a01.png,9JWL1WXZ
1c86f35ba96d898557656d89022b1fd3f155d6a3.png,YR6Y1KF5
1c9a29331bc6541151eda540beb0d17e72a6d0c4.png,HE07FPAW
1d33b1084042102c6d69e690641bccc9f698a088.png,5VDS85RB
1d9bf7fb7c9ad7ebd058ef0801c407ecf61ddc90.png,LEF63QUY
1df290dbc5fc1cd273a3054381644ee335c7ec87.png,NW13BQS4
1e037383de0ec81be59252eb666cbe63cf11dd6a.png,8ZEYP0X8
1e7f4216d051b9c65b825f50fe5be73cb8f32f55.png,CSKHRRYJ
1eedd826ba50eb31df1cd9759f8a4c078d914c06.png,RGEIH09Z
1f138c3e556870a6bb7c3ea798953865960ad262.png,MFIOVX8L
1f66727ea71e96dad6ccbcd1fbd80233986d184d.png,ALWXSYD3
2021ea9a1d17d52f2e58413b3f4f0906cf428be3.png,QTMS3MBH
202eabc938845534d6b77b7a0d7c3af62ea864ea.png,BN5CTOE1
205e672832833626ceef2c617ff2e0b7811781d0.png,VS9M0X94
2081a8363081f152ca7e526cd644c06025228fac.png,NCDIAFIZ
209d509afd1864f367df8c742bf90f87f55abbf0.png,WK5AGQ9A
20a7e79721cb8994ac9cc0513b4aba8eaf0479c8.png,UJ0DZOKI
20c45c3dca0dcfcf2f67e4ea8e01f5ef10365da9.png,0485YSS1
20ea617fe9b5f74c4e573bf8909c259a6d70685c.png,8HBKQU3O
2111ea6537e5a8435afa94956e0dbb367076d6ab.png,FN2WG59Y
2121834ea17fd79f3eaee38587f0db354c261477.png,47BSSSOV
212b532146c6cd4cae1222b175d7444e0d2965f0.png,G1F6QIVP
2150c9fdffc5e838a69c2059b318f3d6ef524dbc.png,E3RM9RTZ
2165dcbb8d23f3b585f9acbeb5deab188a48fec7.png,JE26KO0Q
216cc95777325b857e647accdc674469d5d884ff.png,BFPHH144
21dfbae0138c521df0650d7df97a4978bcbc0b77.png,K2HII2ES
222bc29eb91f652ff8bc9caadc9525b8e6924fd7.png,UPK316BG
223805a9b7430428f8d732bfa0c8d6cafd48116c.png,OQ55JVBE
23747d94bb308dcec7e2f71416133bc99d0ea66b.png,BAW9PZ95
2374b38c87f2b305b9f46d552a5bdea5c70b9fa5.png,AM90QTPH
242b3191fd585df5b009114108a65fd365647af4.png,6TRQQ6KC
248b286df4830a288a900f25474fc9fcf6375f2e.png,IMQ08ZIP
248e7a13dd2f3bb97bfbe9faf8bef543e53058b9.png,W1KY4F8C
249397f795dea9a8281d0b637064c0bd27251d99.png,R9UB9URM
24cf625d383b6c00f50f30adf41dd0982a21a548.png,XW5XUQXV
24f848a1283aa54996fae7b82f8d13a91acccfd2.png,BEDVPAPR
25399a282b8055b489cd3a18866f8df0a16fb2de.png,SDELV4C7
25547074525691c326d373e6d6b84f42e7cf99d4.png,RL8IIJ59
25827998bf5f8c7f9a53d3941acb90ba123f526e.png,SXTAAGTX
25c49917f782de1e75821fcd9e7f56824605b779.png,H5A8HFY8
2641b2f9dcc2a2c6987bb8ee17cf3c9f2d9a68ac.png,K6C1UKEN
2657372ab802e5dd7977f3ff845c0843f42739fe.png,T2ATQUID
268cbc40c9261a2d7b00b4727d0db118619038dc.png,ITYF1ZBG
26d7bd3d5502a9cfc824f4c048085e53428ad121.png,SW0DO50I
27811c6fab726041735544785108cfe73c92bbb0.png,U034ZLTM
27fed3d254bd2daeea6009778074a2a55b0edb91.png,M8ILYEZG
2875c24d39b43eda8650e44b7e3235c6c81f98f8.png,3YKKPMM3
289737c3b52f29599bc055e12bbc2922c917f668.png,JYGXZQCT
28ed560c70fed7cf5477a9038658e22306cb42f8.png,F1IVA7T4
2946bf201c2eb2164f65f255e20823476386287f.png,MLMM64PO
2a10c7e153b1627520187df97ff4f246e349cafd.png,MSB1OJC3
2a3a8b377a672daf3736e4999ba2325b13acf704.png,0WYU7DFX
2a548931ba7bf5f8802c56494c17740991299827.png,Z9ZFFY7V
2ba305e360540b733e300751578f09063ed769ed.png,BY948UBT
2c2b46b7cfe6187d980dd73329b5de255c9a0750.png,FGQ1BLF2
2c8ef761cb836f48a046b99f07809431e10db4f2.png,K4A25ZWG
2db7bc9e8bc782ad46f75e31d261967f3d0e1349.png,55A4ENI4
2e0a246be6efb1e64f0405b3b333e2f89632c938.png,SGWK99D9
2e290410dd02f514e897bd5db169be009fad2e98.png,DU5N1J60
2e9a6d54a691224586420a2bbafaafdd92a97fd3.png,MLFT4DQJ
2eb2ba3209ef383ee947486af54c6299454b4e45.png,Y3UK8SW7
2f3daf29fcc22afeb2dc11326466941d1890fa16.png,OICD9TJZ
2fb7e6e5e40bb7f83e0e9026e0387f57dcea838c.png,ZA4SDOEP
2fbf78eba14408a74ca4159bdb726029777d1b85.png,OHUG894V
2fc9c5a83bfb370b9938d89396bfca16e7a69df8.png,1PMESAT1
306f442920b47bd65cbd68efe63bf3a026c3eeb2.png,N1RDF44M
309a8e23ef564c734f5a7e22091c0548c09881a2.png,JDNL29N7
312409581940b422ed7b089384546c7bbe85a41b.png,4N7Y7R42
31777b69561fdee63c34b14d0f794dca6cabc32b.png,ATSZ3ID8
31b85419280097aea2a09d87ddd1f2692cd7ba90.png,MKNL1Z5Y
326860be83580bad8c34cc38c1ac25427f55bb8a.png,B6AZ79RX
3290a113a192009c0c81372ee424ec0fc5a26c47.png,2SEG4NBG
32c2151747221316ee745d689a94d7debbb371c4.png,Y7OK9V9R
32d4fcc996e7d546628110e6d0e6d3d1748ec418.png,I54CL0KS
32fd9b6cbe072ede057868971a29e5e9fc97778c.png,48Z3BVYS
3336f10c2df8180fa4d25f67a7df948cee149dce.png,E59ODGMW
3341af3e3e7f7e60ba74c64ba1296e67db276a6d.png,TR2NQ9AU
334388e98beaca1bb5be1ec47e3ad42b29967867.png,JF3219S9
334c397c6e67d174d6191ab6d4fb52d800b69331.png,YTJ9PO0P
3466a2f67af7141f4f2f07a3e9f4722a5ac66f40.png,932BOD73
348f4dc6ba72d979925513a14e80df5512b86c02.png,BDWMUUCR
34f21679ae41962882d2748ca9eefdd84f272a40.png,PUZJC0IS
358918954ae4c7c9373ebc5c38fa47ddae4b3513.png,A6699IDB
358d82213ea863ad009580543787ef0bfb88cc41.png,8IYQ5ACE
35afb6a7974f68a0467c9ae64fa22e35a296ba7a.png,YVJ1NBBS
36167903cf22097a8fc4f5bf574211cdfd4de2a3.png,5ULC4Y0D
364df3b7f1c3b9c793bbced34482d28a8a4be24b.png,NHYF8N9M
368cfe52d4d761d16605938d421b3477c4d55b30.png,RNLVTC7O
36c8498a1c09494cb42cfd6f7cc7f45d813757b1.png,ID2NC917
36f423b773a7facb21e6c55ab923013e30c8d7e8.png,OJKWPPWX
37099c989f462d95cf53adbb23216f1e7c15b0c2.png,MQ4UUKF5
374a0b8a669b2d6c559ae10e9922a0a6831aa529.png,SPVQ1PCK
37f9f04807bf37625b4113b40a77886fccf44c30.png,A1KDWV1V
382604580225072dc9e8feebbe66b2b64f51eba6.png,0LJHBB4Y
390a2ec739bc440d70c1977b7ffaa43fe8aee489.png,MXG7Q12O
39a522fa36d7c6bab37f8e3ebb42496ee1ac985c.png,KY5NSGDB
3a08a9e3cd7a2144e94d6bc170b3f7ca171d309b.png,8TNZ7W06
3a2cba60ad3e145e5649c5d5991a2dc25267f40e.png,JE0X5ZBF
3a5c060e30fd262813ec1ba77a6513f1ed1b168e.png,LEY1GGH8
3a84f1aaa3bd044587e23b9fe08563ccf9522ad2.png,E67G5SHX
3a8b1299e77ce716e646aa5b02d9c6773797391a.png,TSUCFXMJ
3ae13317fc0b098b646b185edd0a08dfb92a538b.png,UW4H0NMB
3b091de80a193c3c207024d5d2f260ffea1823bb.png,98KS7QHU
3c6aadb3020673240dc7d017398aba0029825f9b.png,KIBPE6KO
3c83961c94b4359e453c61fb5a1efcdd93b5520e.png,KPBY0D0G
3c90fead9e6d518d60816ba6fc7ef6b6de716927.png,2A3FE66O
3c9ac61a0f6c3f92c792005aba13ed64710afa5b.png,GKTPYTJQ
3d0375083653167a3c809603b5f6779669fda24b.png,WFC6JLBO
3e66bc34318e8b03454db8582b364bc2f3f765bd.png,PF9RNNSH
3f218b28a465097cedf69f0da881563efd2ccd48.png,DKXQUXA4
3f9d585e71e7b5d343014fffd4140ad6644d5718.png,0YPHD66P
3fc69640a308d4b53d45c3acca31f3b9c38b490d.png,QOAVJUYQ
3fe19645d60ca44efc4e7807b75836a8fb6886d1.png,INI579NC
403904db09543348744b776c93dc1d9db841a78c.png,7PFT2ZJO
406a98e37b456ca78e483ae9d636a483dbbce46f.png,NXQDPLI5
40f3d39d6d09201dc5558794516bf18afbdffb87.png,QX4YU9VT
416cd984894b13c6b2417d67ba6adf43b93cc045.png,N5WRONFH
41e6ea42d388207ba8e13ad9384aee25d1d172d1.png,LQYCI8KF
41fb90789c74b6e8d8e1c0a18c65a70adb957260.png,7G6LNFUC
426f436abf8a99e80c445f4e5f77835e5adebc5b.png,DW7UTEEK
42b4148f5d9a92c2194bfaef0c68736c06fe4f23.png,EVQ4KYH2
431dbcc52d93410d01295e9ab01ee72bc76f587d.png,D44T5AZQ
438556f1f63390bea5c71c5ff355e00ef2a088cb.png,ODTUNOLK
43e5cf3a2b5def4e61e89fd3e724f9833d250236.png,4TN7ICZ4
44978beed3072d291ce8419aa2c54c7e5f496dfc.png,KL5PI3BJ
45b787377bb2907197dc8df2fdd01cba9bf0cb5a.png,XK05E77I
46f5d18c1b69e2d19152c994c10ba6de51e55fef.png,VJ6508OX
4708971d2af6f9b14cf8482ea3492e1f573d151d.png,MTQHKGVW
470ca0a567ddafa98f9e42bfec80aabef018fa15.png,TWQAXUBP
472f69e1a404441c9cd1b7ee30fd556248bb2f6b.png,6U66W6LQ
474299596b9bcabf9620f0e441ae91865f10713c.png,1KZSXX77
47978e8ecec090b8a757ca9e62e41ef8af68dc7d.png,AQ7I0FUR
479a05e9b7fe2444ea9b4eced80b662b037ef978.png,KWOUA422
47bc9a4bcbe2274753d8b5127ce9e397420b4aae.png,L1DILRVU
47f3b32a677baf2e2b39741c6aad9187b76fe67d.png,SAY5GMT0
487f6d74ad31ffa102a09848517b0d12689bdf74.png,OTAK602M
4889cf743cbddc9f67b5508e2a679c3f5a886c21.png,V4S42FTF
4894e7d316c51f92bd921635b23b2c43eaf3096e.png,Z51AXLQ3
48afe57d6ace2556f665f68fa6908ff7bc033399.png,JCHGEHOI
48c16dac8b7de21f7bee5b46e1245cc4bd299a4b.png,35H1UWO9
48e340ddbbbeaa7aaa03d561a77f64a5967c6949.png,O3MGAW7X
491a55c0eb6506fb78b94a7a6393103ad22a2251.png,D279SNKO
4923aa06ebc6d89a868a3b27ada7a2ddbffb271d.png,XQQV11NC
49a66e71579632bfb53559d54e77df2f657d4013.png,CI3NEAPS
4a0e55cfa16a3d3be56a6a9c5d1e6a60e4327e02.png,VP6EZY69
4b3e430992c650a214fed1353178bd0c4849daf7.png,HTUGZG7Y
4bd24bbf168ab30083b0556bfc84c7fc40f80387.png,HYBJQDUQ
4be36582c80e3277f151f60bef7c22b28e74d6c6.png,NNBPKDF9
4d5adf8d24758d8a4c892bf23574561ae716a8ae.png,TUC93AIZ
4d9230bf9c222b0a167122827f4f5402346bdecc.png,03YUFMKZ
4e321a5476edc0304dd232ba66eb9c43d4ee843c.png,YWWXAW6N
4e5fad32b0e0210803ff8405eb34aaa866640baf.png,YKBDACY8
4e720b884e3ec6c8ed16a02cb4d713909badf779.png,RL7F67YB
4f3ef13e8acd51ec9ab8a041a02cce5f3a1491c3.png,HONFG8RG
4f828049017e989ac4ef09e89379b178d2d673ef.png,0WDGSALC
4fa293a7b29b728ef5833d644b5567919d07556e.png,QXZP0MUV
4fb5a2d533410b4be70349420715e98c034cd360.png,VJYXTFT1
4ffd1ea501906ddd8f0bd92ad1caaf5730d58774.png,DDL9FWGM
500855115d8715a3c7f55d4dbbacfbaa36f16ccb.png,2P73UU75
5052d2188ce2299947eb7a4f686d25e7f6a4acb2.png,EOYW40KL
506b7d815e3e39ccbd9d46a3765d04a3d43d2bcd.png,BOVZWDER
510e39f7726a6c995f369ce86b07b04d6eb8aa06.png,2Y28LEMF
51640273b4806ea3af2aa3a2bc2271ed1d069f26.png,N90KGM13
523c44609e0f26b22bd55793d1601aeb508dd233.png,6N42LXHI
5288fe27c9becbf685f42819a99e6807a03b731a.png,IZYYKFRO
52dad7bac0d0217c3651da7a011140d910d7c25f.png,DYDXZOWE
533ce90def4bb4b60fb3c792269988e68d254121.png,5TJLHZLY
541b072e099f84de669b8b42b04d3086c498f7ec.png,FSO154VI
545071b0333890ec7de7669bc2b9d4ca73d7f55b.png,QFMPKZZF
550834ef83d8cfa866e9d177a5f43c4c99081cb3.png,JOYKU08V
550de5ca23dc7358bc9e2873a86d691da647f46f.png,NYEEX95U
55a0f9bc4939749e9dffb02674426e15de556df9.png,0OT3NWU2
560f7c150acc22da28af1610d9a093d4ffe446c4.png,RAN6N99H
563e10b5fd29d119433293afe41aeef43d96141b.png,FL7J089G
56d10218a696ee17b0739870a0c94b25c3fc8725.png,NP20FUL3
5713ccd0c1b3e9dc1e04abe5027a64c8a7db7aa3.png,X60WNJSA
586e4d256c9942e6563c3e3b29e4fa36fd273c2f.png,IFGJLUCW
5875d3549c3dade3bbbc9a389aa2b88ae2e0bbf8.png,3GJXU8Z6
58a941071685bd29dd9efb7ef3d5fdee639331f1.png,7D6MSW3M
58b7254bd3a9005ebc91da4dfa312b430096a06a.png,K0C9EZ95
5943e5d6b1beb70658a5d5c9f9dde1247041435d.png,704Z0ZSF
5ab05d18fa04ac3832ed4aa731513a5dc05f0a26.png,ZZZPRH6Q
5abe7b1ca00c87e4dcb96f9ec8bc4a4aaed63c74.png,KOTIQSD7
5b15599a25893d9b2eedf38b6cab41789b5602c4.png,XLWI4FFK
5b95566c3fc448d1e232b8aab5831d2eb0ea4b14.png,ULOML7SL
5b9b7f5070ec9620d37b162fc47824c0f7facf80.png,36DQWU6A
5c5e27624dd8eb8867ed4b2659b20ab73616a382.png,09JSBQ9W
5c8a01b57df6063e5aa0150c1c4dd5a5481d5d57.png,WP06FPLV
5cd35f460066ce0c9beed4b02ab1592e1342075d.png,NNZ1LOYB
5cdc8ea5b645436bc86c2dede8ec2b37630f6392.png,3KPIFR88
5d424d783d33e5344894bf48ef51afaa788bd16b.png,ELF934FQ
5fd0ee0f9011a1b44a5c86493aef0aaf37b7b467.png,NA2656FC
60239ac61d0803b02a98e2567fe5217cad4dff14.png,1HT431EB
6045916562eee9d52c4bfc3e496690f9378943a2.png,X7JZPIPV
604e8adf586a6f22ff792063679c28e4fd1e1c27.png,W8MKF03I
606ea83745216237bfe443a3770a6f7951a71605.png,CSQE5J1I
6153cfad4e007e8db2cd970c74601b6267ad35a0.png,TUZCXX0Q
615cccff9828cbe77dc12e32d94943701bd81849.png,FPAY873Q
61e2b02bda31deb8d77f8521d30bff722b9f74ac.png,8L4R7Q0S
6239eda3e246e73f3b1ac0f74629e113b7886194.png,T5PVO0XS
6287c3ec8d641f037404d572a8562d6e9d42a7ce.png,AARGTOSV
62c301eae7056cd89785d46c2eeb3d61a9f207fc.png,8S2X6LP6
62ca2dc14662942bc10c4af39f60c98d7628a98c.png,0VVTV5QZ
62cb9d07a89ef3b1b9264006fac990075881e275.png,K3PDPAPB
633167e654e3cb8f42052efec1e6e6b8a3c2e84e.png,XL6M2YJS
63c56cfafaaaab0b7c3c0a1d9c6b0f57b58e58d2.png,17X0I0YE
63cbc2b428ef7b70bf0faaa12bef5987d717804b.png,R3AHHXP1
65161af426ea7e4a3b1e6f811d56f8b935393d59.png,1PPDWXB4
652a30112d91c8b21567d9107893836211b8ffe3.png,HG91OVYB
65ab61a3a174773078606bb075e75566e3155e98.png,MGCB0W34
65b10baba6f06326346e197a0d1ac4f1258f768a.png,HDLTM08M
65cb2cf794752c1f124ab081f02f8ddf8522ffa8.png,0YKIQLJ4
65ce130e779c9f24cfa370b1fe8b82bc588d6141.png,DA1XVFME
65d1a44a11fe4a8833856730dbe49ca64e1dddee.png,3OWEQV1X
6607b47825893d3e8565d0f5c15d917c0fd8fe5a.png,23UCTC2F
6683272519687e5cc4b0d709949eabe6f1599e55.png,CKV9CSVD
67436c80bf699fde567e45ca2e9192008c435986.png,ACUKWZD4
676c4c34ee82a181cfc743b66d42711e1a913f18.png,YT96A0VN
6786729519348ce8718ddc34da4ef8899ae48b15.png,ZPWCJPNQ
67ce551f80a4e03b31306ee5f9e0850aee67b0fd.png,M2S7NHBG
683c84ed08b7b77af898ec9d7c23a051b497f159.png,JSDLMXDX
68b000aa3209029035f95ea732a0b555b1d1a4fc.png,PAY8ISQP
68bd8fb7f3130a6d1db05f0531a088f64bc63c41.png,5WP6QUUA
68cf60e55e1a9a18eec3114e5e0b3541ab8e1a86.png,337YBZ1A
68d3a47720af1e7a8d7430198c9cd66d0f7b6ae0.png,XIR1P0BE
68fec878bbb6bf2747654aed8779453460377fc9.png,S061WAI8
69ea9c1be193d303717b29616e49e0ff8ee63f53.png,G7X3R9HD
69eab7891a2f14dfcb93bb5b16e79ef7f2b86846.png,DGSY0GB5
69f495ba221cb5a71a9c46f85ecd3c630d57bd11.png,D0017GDF
6a1eb80fa3bb3d11130638c5c52439bc51c3fdf7.png,WDMZBF42
6a61f4b7234631e1d6dd5aee0899e8a0f142fea3.png,OWTA31LF
6abbb3fd1efd5b93d5619acf396feb7a964b0053.png,0GMTR13F
6abe36f228ff2fc651ea250b5d557a03ce03ea19.png,EVS5X0HE
6ad8c16bd475071a180258efe025c5515e62e2ff.png,QJCJ1AMT
6b2b42f983b252c13e8280ecfc6abf26993195fd.png,R5BQPMRP
6b6a140ded57a2cb7cfafa553d599b4352ed8ee0.png,AB0SAISX
6b863d983f170d79b3b3d669a90fbf0f48ac9a92.png,GFJ6D78C
6c52de2fb4903c31b2a20beee295134c75698e32.png,DKV7UEYO
6c73e83d4cc936a5b8515c30a064b1c2bd81276c.png,6XNF1BOK
6ce9c289feed1b3c1f31e35b44ae27d2119659c3.png,3M77PUJR
6cf2633ab872b8a7b668a635d24bc7540489a4f1.png,C1NIR39S
6d6b9eb5baeee8b35b5e7b9edb3b3c6e8ba3ed77.png,WKV240P8
6e0a8640e1fb102ae2a6fe7d82ab528c187dac1d.png,CH5W6BAQ
6eea624ee830db8edc0461af7ef04728ae8edbdb.png,7XTF7DEJ
6eee0d051af2b980dc18c98d89b374cce7b305ce.png,BFD1VW8O
6ef99c46b65ef1405facf589e8522146ce9f62f5.png,TBV1ZKVJ
6f2b3c15c12dff8d6415d904a2632b8835a7010d.png,PFHZNX5A
6f7b7fc857dd0f99c17213a82462e352b349135a.png,6ALI3IEX
7034e6a39697d864c3343173f921981f657fed25.png,9WS1ULBK
70509f189ce00fbe1d3475b218a3d3b06c1be39e.png,SF5I14MM
705c6f8fc6f4fe09b4bab54611a8d30663f74978.png,9VQ42NWN
70a34c16e31cb632d0099794ac924814c9fef7ca.png,FDVGTBHV
70b56bfe34f52d736c3a986da8243df4659bf2e7.png,0C3ZJA5Y
70c8221c8c08cd612d8fd2d4df2f8ea4d6f0a42a.png,4AL24TBJ
71189da59b68a423cbd16f56f00dee8e102c8f8b.png,U6F200ZH
7134a40b66fc48fac56ed75e38980dd79e4284f5.png,8TBPH3ES
7190e7aca2dd031ad1136fe4ec0aed125278e4f5.png,AHNZZR8R
72758c05d24e8e7bc3a2170421fe9efe7aafff5d.png,5OZUO9X7
72acf0437f46d38cecae500d8f8db83d56c1961e.png,GND1MC6D
730ec25585f24f7269e961124dfc932709af6f75.png,0ONW7FDJ
737f45136f83b25ebae86cc00450debf4789ee63.png,3UV8DXKN
73b81f21143f04a9075c750c2444f7b5e9313d5d.png,02SUKF9E
73f01b5f3ddb2d4755c5462974c62ff63d210fc6.png,AUYO5QGX
7422cf2159b29ed9c59ea3dbfba1adaef1a26446.png,XCVTHODO
74303fa6e6410898a0c98e2709d0cb7db4f05fae.png,1MA0PZ8V
74a3a9c953be0c2130c3b0781ceffbe5dd6fe0d0.png,5U08MACO
74b3b9a2f40aef4b90270d9cd3ec66dd4eee68aa.png,9XIMPHAU
757a505dbeb8c9629a155ee6dedb982a45c8db39.png,4PP0BN77
757c053fddcb05f5a5f4750fdbf62c31dea95b27.png,BDGI7PRV
757f6d1e8a23d8eee036c3f967fe77458d831143.png,BIYBBXB3
75b5f73d9dd8136b8e79632f4fbc7b1bec6de72f.png,BG9ICKX1
75e4427be7baa81e11cf39a41f1e143f3d3ccfc6.png,HHOQASRR
76066682f59e589e069071561a848ec381ea2ffb.png,DBLBUCWY
76343a02e9f92c61543b0e7222f0f45c4de9758e.png,FLPDLZ5J
7642b4c809f9b59c64b9a6020251a9b2e1d15a1b.png,Z1MN745E
7647802623f27b64ff79a9a3dc0bf7d6263c3725.png,ARWLMOZ7
76688c9acafb9687fcc5cf7ebb5993c2296c44da.png,HLT28P9A
769631ad180fd8caa84140f9d2804256517444f5.png,P78Q5P2M
7749d820d59c8abd959a356cb0c30f032a5fcc6b.png,EL8G5ATE
7763ca8cbf7c4b9c532e4a32abd998fcb6179572.png,UPF9K2MH
77ffa7e168c60cfe44d3be758b9df474d0abdf7f.png,442UA098
78011c9c8011a0d4b1f94eb5db531de795fe8215.png,YMTV02M5
7851da49354855f952d3ad676398e128c5ce4157.png,PY34XCFX
78b4739b5436cd0dbcd04a1f0c62370f2cdb5820.png,R0XVT31J
79232068ba413c0abdf76a12bbc130e65fc9b67f.png,H2MX9H1O
7989f80ce91ec1a87d3c8b1cdcbceb538fffebaf.png,KUS99SGN
7a0273865836495f0243e36f38b225f6ec5b44f1.png,OHMKBRXI
7a0a1bdcc534c238c831e78e709677667ad46f70.png,XALFIIYW
7a1a413eecebd7ab3ba3ccadf11549d4e4a76cf3.png,1D1A23RG
7a27098be67645b5d2cc1b11f4660a516ca2e8fe.png,EYJ50FSS
7a449298a7555f6cae2f65b5ac6365081a4944cc.png,58YW3ICT
7a53c5137161a5f74eb43b49e0a44602c2782780.png,QYU6UZNU
7a6a582c1f1979c9ee7b6df0fed4cb55cafeed51.png,HZKF2WOO
7aa63dbed9ed3f052fb0515d09b58934e857cb92.png,YUWXTZN3
7ab3507678b3d5f3d148c195c954628bc9601cde.png,UL2PIX8P
7abe0e1460db783c7254a4ed355e65824f2e76b5.png,0Y7W6YSO
7af96f47ee15d920bb71980836310334a2b162d0.png,39CFG0D7
7b08e12b674a517ffe62aa1e2a99d546ade91646.png,15K7EJAT
7b2d62b17d8423fee9e7d268dd7354e31c1ce3bb.png,DIUHWU5Q
7bd8bd94a283fab1573f3f3a6ce55b994a5a0c49.png,J9BFKUB3
7bfdd62d1bdc5e2fd46799752081f6a8e8727015.png,WV18ZWDH
7c2b140419b4afcd05a40eb7101f75baf815249a.png,URGCKF8C
7c7120d0d119960695b3e6cbc3e49761c504aad6.png,SHXEE9P8
7c7fb69e37f60b66523fd1067c0389252d7cec6f.png,XUPKFMMU
7cfad3608679b13394ac287672652c4f715a883c.png,A0QQ4XNZ
7d0384012f1078ee2e1b9ef471bc82fe8df26f01.png,RB87GXDI
7d235c51d8cfd92d870e89bd5467964a6a37ec63.png,G6Z84OPP
7d2dfdd4ba4ff35c7b3dca1a1eb2a9abf61dc3c1.png,BJ5VE2P1
7e2fb04d1ec38195194028ed68fc237864b77a49.png,LQL09IOT
7e4c440263e74e33277bdaeab785a49d01a64e67.png,QVWYIPWM
7ecef6d338620606b65f1eedc1fdb3a036e224ee.png,MES97C6O
7f6b8937a66c9d2a540716b612b26058d1b9d239.png,LKWPI34V
7f87a28cd69959bb61584ec65a9c29958d3410e6.png,N0LU8SUC
7fb6ed53d45bc9ea18a7d825c8896c24531a5ab7.png,ILJWPFRD
7ffd2e6be64257f10970a6fcf7129811cffcf042.png,YXVUF0JO
800034104f748c0a739c08fa2061329446451837.png,0V4F4OFA
804ef29a8204c5e4ce6242b3071c308ab936050c.png,D63JL0YY
8088a17d55225bb5836fb5c738a409b71373bf0b.png,YDQZ3EIP
809cff498886ab49cdf52aaf158f3294da01df04.png,DCYTQBU6
80b732447a925c6284ab46ce58712e7a2a4148c3.png,N194D00Y
810a49b3125a5374b188ef0bce42f5cdb7127b3c.png,TILBEYF9
810c1e1395558f15b1c286feb740d9f4f06cf537.png,UIL4NPZJ
81474238f626785ae692f84daf250525474c475d.png,1GOEMJOY
81dfec57de9a0c5eb09b6de9d1da15cf57c4bc2a.png,37FXHFK1
8246c354f0324b6309b9d99bde28c003812d8dea.png,UH9468WI
82de38e60649f5c0767b26d55f6c76b967616ea7.png,DT5KCP5D
832973ef4cf0a19ad910deca40304714b5d3bb2a.png,0YMQFALC
8339c8f04c9048a40cf21a446e06cf259f1715a7.png,1KEKUKGB
8343881b6efa08725c03c6f5d813b8758c4e2697.png,9OA2ZOO2
83b71925b5bab61f71ea81d762fcae90be035ee1.png,D8XNXXOJ
84427b0f850db93c468fcbaad4172778b8006380.png,8FOTCBO5
844f90f090b9febf6a588ab1bdeafe6284dc65a9.png,EY7D08MT
847fced030262031882e30b93e1963c442ea5083.png,WAXXAKU4
84b0d1596c09cc4917e0a8cd111c01f3c463ea18.png,G7K3AJGE
854db319192d7319c23f57d7e1eed8c3540f96fb.png,LOK1VQBO
858c4b412ad2bd431ccec425b67da0ccfb03bb10.png,IXJZHT5G
858e4485029c9f456b3bdfb6c8521ea8af8c26ce.png,J6FPQZGT
85dff4ab767df9056a1d1455e2d72e4c54757502.png,SBRPWY9J
85ec5d76bb030283f09348e7093e2aeac505cb9d.png,PPM6UF3S
861211d3d7dc3284bb5ce7185138396140de016a.png,REJR788W
866431f551242995a269f3b9fdc0c8e0bcd1aa36.png,GVGP4P7M
8665df262f86c92f1b976fef95fb04ae7024087f.png,CXA14IPA
866f95b637238166efeeabe217f156017ba4fd27.png,GM57HQ6A
87416ca72a94ffc745c5045156d3950cd54bd078.png,OEJBCE34
87d73155b9a2dc482338a673cd6db5efbf8a5293.png,VP2EQIKM
8843ddf62fa3f033daf362605eda9e8cb522df33.png,17U0A32H
89f7cadc3a5593f758e9ec2bde96e8d87f8e5593.png,T26VG624
8a0b159cab0b3b88722512dd725ef2ae8b16dcee.png,L8DXNJ7G
8a50f11d78897dff320664d92af1ff26969d0876.png,O3O2SXZ9
8b27b5031ffe8e303fde3636f2b4ccf59ca32775.png,IUCY26DJ
8bad9dca1c80aded495dc87cffb7468cd388d277.png,3UU9EB4O
8cbf202eb900ff40fd9da8ea66255261c4ace3b4.png,DZWUGHXT
8cc699d9a700fbcfa8680cc5f6d0c05d39e0c252.png,54024T35
8d55a01cbb7177581b9498b839a478a0febd8795.png,2ZEY8AF4
8d611ee76af3a17bc361a8cabbc1bd0374e09256.png,S2TTITI2
8ed319c087550ed63ed49816cd1a1cb0e21aa095.png,C3QNVC28
8ed3c761f4067cafd9d12b3d99abbf381216428f.png,V4Y7QIEU
8fdacd810477af3e0781c9d4c515ec87bc6e0d35.png,YMKWZRRT
902f18e3dfe90dcb902e1c98f49391616f6f7571.png,MHY49CQH
90319b5f65cdaa24d2d1955d10d6c10727b80105.png,0QFRZQUT
908e5647631e6e8a979050df5268bacad8db876a.png,3PHA2DMX
90c7ba7154bda1d311a57685c51fe0e8d32e2e78.png,PWQWFOG2
911dc44af20efff3bc5e533609b797c235d090f7.png,CDVUA0DV
9146c85e57856b0cd967bc9d2678a3b97cf23ca5.png,IUPQRD1P
91aeb3bf80d39dad637bf9b8deb2c901600c47ad.png,WN0P1ROD
91dbebab125ccebdaac886c72d65c1e385f2f862.png,X3RPYFRL
92005df9d049533f034111a1a4635981add72b1f.png,0FP0UQF1
920d9f6c47bf0dbb5bb41ba8677e5e9ea6532714.png,S5D9ODYH
931cadae02fdcecabec697d02e255db3cc6aa30b.png,T3JDDVQO
932943bf5b6a38d2e8c1929daf29b0737c81928b.png,ETGC2CEV
93331cca177166bb1f4542e7eae6d5b9013ab9e4.png,N44LPVAD
9360eaaf03fd0a4e6d5c1734638fa3b863841eec.png,N7BGAR8M
938069889e759de0c52ea571ee8ba64a6a3f7b1b.png,DFC4W35G
93b2fca0be2d24c2ebb217302366aa933bce4a1f.png,PG0C0LA2
94098c7f59e98cc94e18f679a862ee30af87c675.png,E36DKPS4
94351427e4b52cdb9b5cab785384a9dc0332e404.png,4KNNGDMG
94853e9b3315d4cf0d6195cb3c06f93ea40603d7.png,FMTTR9XP
94c8a12590f258c2558bd22a60c0c494d4058a6b.png,0628PUKZ
94d6f5fe3b34e79186cd4c8724aa42ab4ec0bacc.png,CRSH28XE
9519da2bec696bbd3fe2d1745cc4313f697eedc0.png,W89KOR4A
95217bac2c90eab1d7a8823068df9b4521ed1849.png,DO4RP96J
95889d91c4bebae67d2957ffc4fe1950f3875594.png,POLKBW94
95d1c49884df9e2838ac86b3d8d46160f637c132.png,B6JODUZQ
968aa470cdbd02f2f6092c5c1b335d2afef8afc6.png,3BI1FSN4
96a9d356a670633c3d1320a3be0ccf23000100c4.png,6HZMIFBD
96be6ac9db8ed5234878e98d0e97b2c46de9e699.png,VQ5CZ3T8
9777d1211d592eadcacfb7f003e303ec1ed23d68.png,ERSXWCTG
9884cc71b3a0b306a7d605ed2f44b258af1ccc48.png,DFIP5Q77
98f20297a571a5034ad3efdcfa0ef5bfdddc3ff6.png,0ICGA3LG
991a5fb4928a1b7d82aa260af4ab1758e38dcb9b.png,S6S9IA9C
99850ac0ad9023a602e9af624d7d87859acfcecf.png,E2Z3HKA0
99b2f43c75adde2104b285da26741443dd90e79a.png,6D10WNLA
99eb33fe9da9f8f9b2b35bbfcb46dd46822de24d.png,1HGXQAOW
9a08eb853dc4cc79868a0117d03a7e3096812f73.png,OXJY0X4Y
9a76ecd3e0fd1a648c46c141bc73e77eed5a9174.png,5S1R47ZG
9ad06f6de4ea8de25143247db2bc43e92e540f62.png,RNU7TWIF
9ae617e65b62911eb3b4f3e1b26cd54fae75038c.png,28W90ARW
9b1a0768eae1174c16e4630fd2c32e7861b46169.png,3QAWMEV4
9b6508f4306f42f470efea7774a05a8dbe6c35c8.png,U1GL6MQA
9bffe2f66b5c1942454bdf9bc6c9f98447d24f54.png,H9E6CBK8
9c076393f2dbc11a914f2741838fb0e40dce92f4.png,N32UFG9B
9c411e375bd0d9826f9aace63ab83e66fd85bdc2.png,77IU1OAI
9ce1cd48f0e50e325b0d463b2315372425b033db.png,Q3PAL9CD
9dc254bf6c761798fd46cde2c2111998c96750fd.png,VAZEVPBQ
9edcfbd41f1e54dfb74282bc752b83f1f56d9f9a.png,SMJM1XO2
9f3e98d3199aec68cae6638d972cd5e1e3f343c9.png,J9ISJB01
9f4853911d63b0c2b785c43477b0d27525fb1e50.png,94MYFMMN
9fa4579bd0b8211b584bc26c5d87992bb889c525.png,JZ6XQ8WV
a034dc9a2b069a87a3fddb385b713b99ebe5803f.png,NXPNFEDJ
a1128b308154efe8695098087560add066462e38.png,BEYIP9Q6
a15e91b6e3c4fd2d2e13f5889bfd1f0708d6d680.png,LITJ3OIT
a169a4f6c6adb947fc88dd9393755d09a6128432.png,PSZ0LWOC
a1bf105ebc71130cee7a05208cb6c23da683b5b7.png,R60I4MU7
a1c65bf9808d2b42ff72df31fc6820f1c7dca72f.png,PCD7TIO2
a29f1a7bd8867e47929837ed9e2099bedef84746.png,VBNCJ6ZM
a31cd3cb2a043199b55d12417b22cc782a71c215.png,QKGG1Y9R
a3357901f77103b7baec8af1c4f3ba2253b5f0b0.png,DFAN50YO
a34338f543961b5e7d47c980afc6775ee8b9dfc8.png,7HRHH31A
a3740a1f66937e66d708b04cd6da1da34f70c804.png,A1RQV9RC
a398a832a3c95ecc90be2e378fd519949b048f81.png,GQEWLQQJ
a440791059c32241c50a4caaf0fbfce94af72694.png,91ZNRVAW
a4b76805b042971f9cd18355f017fb2e4139f921.png,SDWQHGTE
a4d8f8dd0d981ac80e9a7123cc49bbf8f05c98d5.png,7UT2KL0G
a4f3e02c673f08da8b0c208bb64ec7ccba310017.png,EDX03VX5
a4f855d2038e199f0984c6cbd2d4780cf4c9a041.png,P22TVK53
a599d8aed7fed1cbc2dd12dee3708b06b04af05e.png,CQTDQEQD
a5c3c0da10ffee5c697281c387d10c63edeb4464.png,N82B3Z7A
a5d9cde92914618d7df71919e4236834f993aa8c.png,T2AWI2EG
a7178ebb915abec20d2518d89d332900589972df.png,6IMENU99
a7bb7a2b797d0694bf44e33c08588f4bd180567a.png,9UQHQB7M
a7c519e6b07e55191f2a8a631e32a92a9591517c.png,Y0Q1WGT2
a7d2c7aac1c6b5b106a25c3b13c2e22af61f681a.png,EO9X01ON
a7e8113adc55f23a7a85802d2242d83bedeb946d.png,YGFT3OWY
a90bf50fcfdb4f23959a120cb45cf89fd5877269.png,TWHMFJP4
a91cbd618bc68f1c8710383607ead765fee866e7.png,ZIO1R70S
a99ddb9cf9a0fa0a518a65410140b3f51d4d38d3.png,ZKWB2X3B
a9b1b374f49395f6be91afdc563e59a8d6d7ac67.png,WKIGAF7O
a9b4ebf08ed3957c65ace10a65e5466261c48416.png,GNX2V0VY
a9ba8e9fb566f4058870fa4bbc2d1fe17c301361.png,YI9X038L
a9dd31a28d6eeb0100d8ca7042ab7e58d9a096aa.png,KFC7EOGY
aa6168ee67d7f22542abc5b20f9cfaede52c532a.png,WT68QTUR
ab3376c427cedd86e520c9efca892919bf95d216.png,XVEN36QW
ab59fa0a92380c1c40fab8d03eab61b799dd0092.png,ID0T1KZT
ac012f61afdca3bacdc96698d64ffc58104bf8a9.png,CC7QVKSZ
ac78140b17fbd4f9d92660dde460de5c055d62b5.png,DM7LIBHV
acaf4441ab9541d4fa9c39953c6db63133085818.png,5GYZK065
ae065e2d655f3de0f8f3382e578ba3a213ad3e9d.png,D3RI9KQG
ae60ff87fe05d0eb4d266b6d10a29788f34bdb66.png,RH4V99LL
ae7935449db7f3a2c7c231c7488f7139d04aebf4.png,1PCQBOW7
aea3d8f739072dffd30bdaeded537b3f41984882.png,WNI4U157
aebd3dce474f98c5c57d119cfce5c822c6546da1.png,12TTEJ8C
af4d89682f159281411bf3ea9d42a421f05c19fa.png,IMB7C3BG
af57b894ebf25391b378219a57bd736fa4a1e762.png,XGIASTB1
afac2f9f7c4201f2d623aeec06bb2299451e2747.png,UQ3Q99QZ
b0036ef8176bb3d76b00545603124fe3bc20a368.png,D9SYKQ1Y
b046dacabc153a1576dd0c4af07439b058de220c.png,RRSABCEO
b0db00850fb27d29c18c1c9735b323c0f563bf6e.png,I60KDALD
b14fb495a45cff03b44477160650d3aa65b07228.png,G2Y0DFNX
b167b36fbd650b90670deaabf45ed3a7f94d4920.png,1SBK5J98
b296f3ca53f30a084ba3ce48c6a141a605e5f1b8.png,TECVEVHL
b2d4092373269349eaedc093549adbd877f6ffe6.png,C575KAP9
b2f52db1bfe4583d94a6341b28d7f19c09119430.png,KZ7J01DH
b44acaf1d27e1a5d12342f840f87ca9387da4a2f.png,617S67QD
b4c1ddface4649f8a0c71142d511fc42ea6f3d8e.png,PIS69XMT
b5362cf771811a32ab148ff6058c5876db8de499.png,VKC6WPOL
b53937f82571b2cfc76138a4df29db25f674b842.png,RS6LESOK
b59933912cc8ae69fee94f036a8adb35dfeb31f9.png,EFRRS6QA
b5c5bf1307449b1cccbb4f07f7735ee0e3ded18c.png,SFALYD5Q
b61875b1203c36319a2ecbedc57767d3fb0ca7f1.png,8G0P7BC4
b63d5792c6e31b260f42ea2b164331e44f37079f.png,619VL1KJ
b67f8ffbc93a8c0a744472b419e1e99e82b1825c.png,BLRBBYUT
b6d7f9c4f81bf38c1cd2f425230554877adac010.png,O93ACMMJ
b7214eb8339235bb6bf2726054a2739f8ed967de.png,1XM5JQVV
b741e63f7449593bf109e8b499979e89f561bcd6.png,71ZZBXRK
b7d94845552717b124eefd7caf1569838367a5e4.png,BSW08WZP
b82bfff8925f85051591662c9713a729a890d249.png,I496P3K9
b85752b4b921a33d68c2666b59bb8f05feee6c22.png,FCIK12LA
b85a625c22bffa410bb3282ddf1b3f67c5c375b5.png,HVXQD1B9
b8ace9dff98b95e5c615ec6de9b0d3d66905531b.png,SG3Y4EEM
b9107d486babdc80411f4444252546654cdff617.png,0PSELQAL
b99ad7c38f98542b80e9eddb913b18b8067383bb.png,AORNNFFU
b9c997027f762fa9a499543f91506039fa716593.png,49I8E4UU
ba0e39883241725a150b57f4032b9ea92c3d8398.png,GYN2P700
ba31dce312801efd4de77446d3e46511680d3de1.png,49AC6OX6
bacc4f91ca69c2e544b88b60b59978b1b359b5ee.png,VDE0VXMS
baea01d369c7a9e35fb72dac3e77999cf88987e1.png,AX3F5DPZ
bb21846393a0045f8272ffca01197b106e134536.png,C44ZSN2V
bb21877899a343b09803307bb523d7786a990e26.png,OC3ZIYAC
bb4a34b7e0089fcf39b650bacebd003489939175.png,6RRP2CMX
bbf74377abc83c37677b27771897210c220c9e23.png,UJME6Q4G
bc0f67fba564b31401b7e6c0e27f23773f218248.png,ELIA7S96
bccf2e81d3f8d72b256b09d7eb26c2ae145e2873.png,3CTH8SY5
bd5bc5c62e204988c8635a3b529b0b6c61587ddf.png,V3JQ7JDO
be703b24d1b0f6b31139c07bc0d03a6935b28150.png,CGBRKHWY
be7308ba177a9015b1cc1310e80fed6e950d774b.png,VSXTTANO
be8586793ea64dcbcf9b92f3cc16550103de40e4.png,061V5AZO
bea6e3babf9368c1019cbf2a6e3f2a587e7236fc.png,8DUDYZ1Z
beeb0f451df514d605e48fb681c6387a5ad0cb3a.png,IOJUQMMO
bf1e9c614edfa0f6f3e08ce24868b13b9dc1c9b6.png,1QQMX56R
c015e73b75a5b6a99cc51c030f4ab227ae2e5be2.png,J8BY2ZKF
c043c04483d09b8c3fbf53d8c9177f2d6a255586.png,SFNDDTVU
c04601a0c082e2cbe829991a9bc4bb725106a4f2.png,AG8JQD2O
c0c9dff5e6faf6981ebb71001968f4bddc39bbd1.png,YH8H4VB5
c186e99e75630ec9702505ee516663d6fe77e41f.png,6PGRPK7L
c1905dcdc5e8b2c81af56c4e521c75be9090d461.png,3X7VAH1S
c29af566a3cc7bd85c0ae29f51e39a9c63438d79.png,6JTCNMVN
c382fb63a9f9849b8b63e52d3eaa9d97eaecb2d3.png,SWLZSPAP
c3a0475ef2c7104c60141b8262a21fe01123abee.png,3G7XTTFM
c43bd967b012a418ed915898e156e439b244255d.png,DYBKF8JY
c44dfa780e72daa1e61701e52cc8c882c5f902a6.png,Z5F6LVZC
c53a6a6af9ca72bc6f4b072b94802c9f6903aa52.png,R59VF9CA
c564d02b52c282d8cdd624120b1ec1a61f7f1313.png,FPP4T973
c57a6064ede69b00a9013f44c06f38b9fefdd2a9.png,UG5DII0S
c7306605d123a47e236ecc1b6d134713f3f0e7a4.png,YZ6895PT
c7ec66be99dec736ec85924738d1751755590ff1.png,UZKUC0GV
c806aeedee8c78416360056fedb36b3eb55bd7fc.png,L5PQXQA4
c83afa9fd4a149a0f4e732644347b9aac472bd85.png,PO9S3PL7
c8a6054c4cab2fe3bea144548dda76b75e3ca227.png,A14YSSC2
c8d3d4b0f774883a7e54dd2ff31d815c26aabed1.png,6LU12E7D
c8dbe54ceaa10b2155114232bbf78621d269dae4.png,DSS07NK9
c9199d0efe505229ce7282089b847698ec4418bb.png,9QUGIHZ1
c9f27c934fc893b046c705fc1d34362be865a492.png,QXKQIMC1
caadbe9341cc13d6a8d49572fc65baadcf09aad1.png,GLW0APTO
cae8175a38370652eacc3a95b0bf361c3527b9ab.png,XQ3J7169
cb088e89122507788c5324f834bf9c31c6cdba79.png,HEBW466B
cb3ed2cb194f6da2861fd93e0c85aa59fde9b242.png,6R055HTR
cbebc998842d93e8b5bb65515a801d1578522b73.png,HDDL93G7
cc5e41ca426af2ca2383e129d1438b1f300e783d.png,SQM8YEEZ
cc8ba33a770d5236c5840d3de346d8067e8ac248.png,8DDC3FDL
cccc97bf91bd21de914bbb69349a0c149fe47f6a.png,MH9HR4IP
ccd198f4cf3eaf2e1185253e9a9b1556e865160c.png,G2HO4SUA
cd23c39ed1fbdc50e59dce8d32951a84ed6fb8dc.png,7LXPXFE1
ce61be8cc16ec098a6733214dd570364110b3b0a.png,AKR5CH3V
ce87894784e78ef07a3792bb8a381f3716c1adb6.png,PG5KUVZW
cee8d79b506f9a277647bfc5d5ce74696e8c87c6.png,BHWRDDXL
cfa52b64051f1f4698cf8226328d33dfd8767d4b.png,25H2GRD1
cfa6dfcb51b3014e66f447b71a2c6a1998a9daa0.png,GFN3ZVKM
cfc666d26ad21869826f6a9d2cf1cd8d267d1763.png,V4X5D9AR
cfc6eb1dd5f91810081dba1f8b6e48ee3cf00f06.png,UGMLW1MP
d01119cf46aa23630239cb6db9d57efddbd6007b.png,NL1725WU
d0c2190a9e71e0b6fefae576164aff138400f5a7.png,WT4KBFSK
d0f97b46dbdc9cdd36d59ec22c9f4082f1fd9e25.png,5YSD08DM
d131bb92734f18e5896f5e8c56efc91bc5d48903.png,JUEG26WO
d2c033ffe9b718ac9ce33d67d5575f4a571f659a.png,2YNEXJWX
d41e8c470fb6544b28fc60f2f023c4b9dfa180b9.png,N89OST2N
d45e137204f97f26d75f3283443e107467cfffc8.png,TIYYF5UU
d492b38dd80ae05ed28634d75962757ec73d2ca2.png,45R6CBQ2
d4be26effb9fab49ea17d8fe9c063cef5eaed767.png,7PHQ1HJI
d4d1a6eaf10e190d8a3f3c5418bb7157010f0e37.png,H46MX1K3
d57878c4dc7357bf99e4573520146a2ecdaa2f14.png,D9K453L6
d5d96695451b0da74bfd093f1a852ab1f330fd44.png,PU66JFH5
d6461c9a369b788b76302de1881981e590a5be63.png,GT0LRTZP
d6494d4a8a5300d7f473ef5487fe0e24a08aa807.png,1O4SYQBC
d699c4f191f7314cba3cd972397ff609e1935643.png,NSCYBJS7
d69e091d2b879f7d7d974d5e1f0008da9625ead0.png,VMYN1GYO
d711477d3a0116c4c2c43aca5d655376d6e3ff8c.png,DLZB91UM
d74d152d83e545c00add4302ce01eefc8cc00806.png,FR4I9G47
d7c44f6cbdff0433ad5e3eb143bfdd16d154efb5.png,FC2E0512
d84ca4cfaba44e12e7a554cc7878e403d89ece3f.png,STYBYR5X
d8de825c67ff9a5440e24a0e034ef764d5bcbdcf.png,9ZLEMP1O
d8e9513a0dccea16c60e069c66125d1db5e72f65.png,6R8AWZBB
d9010bb834a3fb74e0a2f6d9c4956438a174a2b4.png,Q56CIV3O
d91bf6eef0ec5f57c5770bec349658bb0ded2581.png,9U3AGT4E
d946689c58cad9ac868479d1a9baeb8494543ed5.png,5KE4EE7H
d947ddda043a2a18795a0bfa717ac8671fa213e4.png,PI4P82EK
d963b8f1fe6433d61bb9fbbdda90284f69198296.png,7C8ZSW6L
d96fe238139b50a1de8de23d75fa638753ea57c4.png,CADSA5N6
d9b90f097fb13495a441575b0c7149563d224ef9.png,PV53PP21
d9c32a105137f95019107eb9a6d268a7849c377e.png,ULRHK5LL
da3bfc344d5a912fd260d0200b148c78e3d8c048.png,0J0XFWXX
da42d4113792510da8a3b9f04dc3c944fbe6b812.png,100TB01C
da661851eae83209cb849c13a1f2bf7755bec40c.png,3EF6G0DN
da88952cd70635169c2cafbd9045fa470ebbbbc1.png,JPDUFSQZ
db206d4ad59b73dcfb59daa3f1d7bacde81c99bb.png,SZN6JY14
db8346c8a2b2c44fc6fa19a6ef409b56e067a804.png,NQQW3GEZ
db9cc9eda52fc3982b177ec95a7392208f337242.png,WNNMBKIC
dbf7fa7e8fb27c53cbe629655d55a58f73b868e0.png,0MFBTKZZ
dc728019dfe83ac6e8c1f18e49884133d3c87a31.png,IPTG5ED3
dc8aba33bbf0be07675630248b6e24725e07f075.png,WRVHFBHY
dc91b51deaf2a07f2a42889fe0d1a6ab6ca5ad3f.png,CEWW060V
dcbd2e46308119f7a7f80f2c844ed0dc53b8f819.png,RVVYV1CN
dcc9f2ec053a4619ee0eb8c169c239406593fdba.png,1H432U1X
dd2f66e1be3cf868e8249a8d399fa80b45c1962b.png,3DKFXR7Q
dda0533ae6a10cf0fb510c56d10af54c0f90a460.png,EJI90W4D
ddaf58299e88f8844ba92b02edf129c5ffab1ce2.png,ZWCALIY6
decace9dd073c73f43a5ef3558710f5c5348909c.png,ZGDGIRRQ
dee0515b4b8d7d368c45174c251b9c76ecd16df8.png,4YLV4HVK
def5c0546c89c253e2ce0c70872baa64cea09b5c.png,UOIPH5Q6
df0ac39409c2500283c3ce688b8d5910bbc6d07b.png,PH3UKE7Q
df28057af20ef00202fe51f08376a02c5a236f40.png,R1ND9L6L
df59652e9342336a14ae83aee0a970120bf75fb2.png,LX2GMJCO
e10e089afdce4ebfe3a70635bb94c90dee8a983a.png,SVBX3TNW
e10f4a20fc7ed49710d9e057ebb062637ae0b790.png,JOC9JB78
e134799209c58698303f15f2e6280ca173f7090d.png,LMQBHZVM
e179f69899ab606fc13b93fc7eb910e848f50b94.png,MPEH74IK
e24ac00815941287f95b94fc4072e2d163c61412.png,ZWNZIFJV
e28672458bda02b8bd5a3c7b569763f88779c9d8.png,NX9IXZCI
e2bfa66481dccbd76bd821891055c4465cfd7c61.png,95910DPN
e2df4d89164820ec8839c1ce25bb91f07cdca5d8.png,4M1VG3F7
e3039de1e440d1f4cb84992017518cc132db0fba.png,NPGGGQCI
e3734c0dff9e6a6b9f4e64e303a82099d936df3f.png,96KBG8HX
e44bfb63186b5a6f75f51ad8354fc9627e316354.png,6BVM6WZ8
e46f3cb3941c0c34e93fc7e5063b8f05f8ae9bfb.png,JYOP9M4U
e4e0be043a2bcb348833d39d7d33317b44d337c7.png,NKARC2O2
e5ee976c683ad4f109cdbc7095606a197de3343b.png,PXFW8KBZ
e61c6da1a28782616f3a5838a18f4f55b5284152.png,6V6LB66J
e6739e189094c07073e0d013938450d39602c4cf.png,9UE2FMJG
e7a1f9c0de87b90ff42c8153d81a60f9669d96f9.png,UX7FDC9C
e81a2e5f5af8529ac7fd27aebd5991484834f7d6.png,J1AE2TPF
e82408de088f60c32b4f65dd5f214cfa44953e91.png,W20RL5ZU
e8451e3cfc691e4676f47cd847638e2f09d57e00.png,ALE0IXPJ
e8db5e62a6cabd36c33c43ea300bb0bdeaa7677a.png,A2AYYVYU
e947fce850efb5c586e6ec5b7bcca9f95823cc76.png,BMY0I1J2
ea4758b3854185dab5d63dd9f0d8360c5392eb86.png,QQAEOLGZ
ea7d899c12005103e18c6f9ef2c00009525776fa.png,2B077DM7
eab8f738e248a23985e1b40983d8c84a63f409e2.png,2L4ZFUJA
eafdcc4e6a19c1211a78338d79e88f910593ebeb.png,XO68FP4U
eb4984cae50d5d32e537d71a32e760a37ddec7c7.png,2659PPUR
eb8b0c055b07fabcb4a2023742f82a1e656821f3.png,6VACKKVE
ebec1601b597343acfa4d3b04dde4299c72b199d.png,4Q09LNYM
ec620af1f26362956a117ae10f9740010ffa8302.png,DRIKGPOV
ecdcdc2d1ed5db40180c2b5c802a8b2c6c3cbc3c.png,3RX4LNQV
ecea38897e49091055e2e351fe15545858fa6490.png,NUIYGBVU
ecef100b8cd143a561d0cdacef711f1608e20b12.png,FN95OQO1
ed0701f0c88debc2eadca921cd2a254b3eaf8136.png,K2TA84Z9
ed4f02c1aecfda2d424a228ac54ededc5b48ff12.png,QCXFFTZR
ed5b44b1a3254b051ae51336c1778edb4c0a563e.png,R2U1PBI7
edc3caa14308eab89850f723093f0c8d9a896553.png,0OYDD3MN
ee0da44eccb7705c4cb494c2c1319125081129be.png,C206D641
ee302ab58638eaac471afd359169e5b88422ba25.png,PV5ZW3N1
ee32e4f949e68f3926c780fccb0fa022f327ddef.png,ZB4VSZZ2
ee3aadc5ddf40006d2888173aec79ae1e558a941.png,90N1MVZC
ee451b95119bd4e8eba82c498eb6293f7a49ed38.png,6YJBLYYW
ee5d7a254f4916cb18c5c575ce6785071439df67.png,1LV2IS5B
ee5f5a97d72b8232e5e3b57275cfce4689ddd9e2.png,36WXAK8G
efa73e1c4899ce15fb07a68885e867313068512d.png,RZAUZI1Y
f02fa844d6453781951b445fd6ff3f143035c3fe.png,0HLSXQQG
f0846b674b005936c50581bef78f2d1b8b9c57f7.png,XALFFPJJ
f0c575a62a60a4ef2f19cfd72d2757f56df57fe5.png,DZMGGZW9
f0e0dd40337fb40984376413193e801b7ef657d1.png,W7PNE20K
f1c5975263dd0dd71ec8adb73e0139f318bc84d0.png,HQKF0WLN
f24697ac03f52961fc30bc8ef6e0ef15ffddd15a.png,OO73EATG
f25450f4d7be9d958952fd99dfc3787af6689412.png,6LRQDXYX
f26209a5bf138f3155a39a19f423a30cb7095e62.png,64TKLXVN
f28889f6cb3a94152b7c37dd7ff2b93398d864d2.png,VA8JO048
f2b848ceb46980ffcecaeaf1777b68b79f7adda6.png,2D5B2XEI
f2dbe678d57411a4afb07affabedb898bfab5e0b.png,I1CK22GW
f353bf0dba703b19a73d327466d12eae07346569.png,H99L2UJQ
f37e61cde45cb6bae5be26d60d9907876df009be.png,DNUX10J4
f3f5fbc09b88e0f13dff3d0bb08ee23917dd5157.png,7GWL4C9O
f416beee0efc2a79ea1b31d3b98c211d63fac720.png,JZ076FYN
f45f114ba0a3a86160294d8bb8698c5af0b57576.png,BBXPSF5F
f4622fde1fa97b22fa877a41d8ee39061a12031e.png,9LTXASUG
f4d48905cb65cad6e5b9ee07e346d78d3972fb80.png,4I78VHHL
f523aa7669f6f13c21be90813a5704ff5e100dc2.png,BGGQ9BJQ
f58f826130b85f2f02560ace06c2b1418c64293b.png,3WQC763R
f5fa74f0e4ffb5e5c9fe3ecc0751300b4724749b.png,U53CGYAO
f62eb7b74b6bc2961460da9906a3ee2da316f4a9.png,YIRTT3KY
f637622015ba46bc277f16eac73f1adf8d1c15d8.png,9KEPDQK4
f650a417e17287e87fa58e65938c7a57148ed489.png,W5PAJBT1
f6b385b6959644b9e022d07ae6fa36c02d7f2561.png,C9MMKKAB
f6e5233058d82c2779dbe88a92c184cb140ed3a7.png,9UNFTP0M
f7c68aa169a4a191b86dcb17de5aa0f2dd0a539e.png,H5QVFW6C
f83a087b02684c69c2183c450db7fb04e37676b6.png,FXZJRV9B
f8815176723a50daccc795609804315cdb9cb0fb.png,4G1EXTHN
f9164e3e745f63b7b207dc538adce62fd49b24e8.png,6WO4AU1W
f93377ec5badb72d50f7dd13ddf41667093a0ed7.png,3RE0FP1U
f9fb563e21dcdced3d9616bf6e47104a491b1b29.png,SZSSDCBB
fa198ccf8e658ac6d25f94aeff50afa129b77c1f.png,L3AUH5FQ
fa2937c8064b3aaa62a226ed8897f842656dcc3d.png,E1FXYJQK
fb3ae419b2b0716dd28b6420f6e71cf3ba4858d9.png,9G4A5AJS
fb8aa0d4b85535137b694eee06600f3ca9645b95.png,IG6A5IGQ
fc3bdfd4eebd4f1d227f061b906b4f144ae33e4f.png,X2XXLPSX
fc5fbe53e7eeaa6cd8a11b7498b1c3395ba80ff7.png,A4PJT2Y7
fdd2599e2660e98a433ba63457a0d0163ff950dd.png,8N0325TH
fe904664c55c14583f41cd0ecccc0e496e6b9897.png,A05T0LNH
feb8dfa3fea8a18af88e20e6505ef4ecf7e4e660.png,O2IA6LXF
ff60887099be68bb4461fd623169fb60b713953c.png,Z5OY6VGK
ffd116f77c188d7cd823defc8cc54914723d1117.png,CUJQ00TK
00192e961ec9d12b16d8a507997ab1b76b722c6c.mp3,IFKE8ON5
001dbb469885e72b8dad66ce801e8f7c78df0ab5.mp3,FNN246OW
009c6928dd6005f43dfdb7dbac2a7034e36e4ded.mp3,1Q7FQVIL
00f035f16aa614717e075a571faa415a05efee5b.mp3,D41WQUCD
010c2b934a11e4655ccf797e0765f59f82fa84e7.mp3,IOO5J2MB
0126ad11d771adbd5b3467bf35bfa0f3144a24fc.mp3,ECJG9I2P
015cf3d7085e840b7df5819d5bb2077e64278b21.mp3,6RHZZ1ZA
01d35fbe83a75c837926cb386834db8f1a330bc6.mp3,35EC1ZBJ
01eeeb93aaea1e3fccd9e22af865a98532732ec8.mp3,RKY7ONBX
02e14e1c19b5375eb3f11606e83b7d51540466d8.mp3,R4VJRY4V
030ca5ecb98313915ced11df46501c64fb671058.mp3,GSKP4HVU
0364475f2a7445004e69c42359ef862e570a39e7.mp3,XOBX5ZRI
03c6110847aeed1739037fa5858bbec38b73f2fc.mp3,PUZGZT4B
03dbadd89a4dfb6b1cda011496ac454fd0d0ce0e.mp3,MQD26RW8
03f1c3f3959371c46ca2ccbc5761681f85463c42.mp3,YH9HI2RL
03f9dd4ca8133c954751faa8b149108a4d34f71e.mp3,F2TFP63N
0409cab85e3800810d1531f01e1d80ae6a6a85b6.mp3,BW8G0BFT
04141d1e941653d836fafa128fce9544a36fc5db.mp3,X2W97JPT
042b32f5a3d52a1abc50fe4af6a611df3df7db2f.mp3,WMMTQD8K
045339920b79b9c08728ed46d2f717f1e0b99a14.mp3,GGDLBJ7J
04731514ee82e5d7ed94373d3f44911f6e381d44.mp3,Y5GAA11Y
04882377f0a10d82cc1fd4170f95c210aae409bf.mp3,XK2NBUUJ
0511de64056078a047b28f34f39e7cfe368d8116.mp3,MAMICF00
053fdfb34f33987cf3270fcd809d976e39c84904.mp3,2YUJZFVG
0562d9d177824ebac2d2c477878b4c982464975b.mp3,PI1YI8GG
0575962dc567f8398633ed3769d9b674382397a3.mp3,G6CACMY0
061d3deb8db47e4e714632c8f5076dc4d718c6e6.mp3,QZGJFY17
06401d6b2fe549e2bbeb1bb6a28c4409f33e50d5.mp3,ZO1VJLHJ
06a96dea04c5a73d29e64dcf84c0a52548c3b573.mp3,2TVFWAWV
06b308e33fc6d27184280448ef413a65b5dea84d.mp3,EE7RA0MJ
07043711dff46df2f8afb760cd6946fe47f4e3de.mp3,HCZSYFVY
075f70fd56ed22c835545768d967abb907061475.mp3,YFK0F2C0
07a8b3268418543ecdb134389eced40179c052b3.mp3,IB0QEPU3
07df1fa2afc7631fa9a6ac69852b03f3f8dcfd90.mp3,GDX6C48R
08f4b77bae5cd45a74806f32e27be6771c7db434.mp3,Y4C0BMKL
097800fb1b1914a54b3f6e55320ec4df95c51528.mp3,ZZ1CWDO7
0a369cc912acc85591ce7dff4c544160979c87b4.mp3,0JNSLLJ7
0a75e8e294b55c9023da1f43c0ff1962537e339e.mp3,F8JUDLZO
0b131dcb612802e759c044ad0a75ccadf4718b04.mp3,FVGIH5R0
0b43fa02f8f6d6034aadc92de5d18ad98046df2c.mp3,ZIKACW5V
0be342fc083c93f1e6e22d2f04c697b63787bd4b.mp3,TZXJV9OR
0c5fd80ba889e52f6a45fa12bde26631011de82f.mp3,LYT9NWQL
0ce8ed9ca515cb5e07ac12bbbd8cba949c41c7aa.mp3,2VHBHNGO
0d2645738b5ed44b51466cdabbd33a7380724851.mp3,4SPONCHL
0d76c69d312dfcc57fb023142101431a00efaca8.mp3,MVYZK6CQ
0dd36ef09154fdf909daed6851973d6f3c4383be.mp3,3JRY4NSX
0e8ab6970a726c3a3f4fe32537d2c8de068be84d.mp3,YCI9Y8T6
0ebd31506a8d0b7537854768a6a03b39ef1b8ddb.mp3,C2BQACXX
0ebfbadf0b4a6497415b5d2abafd9a2b656d046b.mp3,N6DTAH4I
0ec391b3091bb5d061aed6df64cf0907cee19619.mp3,RN3LZ3PL
0f202d5dea21038b39978112214766ec20cefbda.mp3,NIRTCRUX
0f2e69bca30451dcbaafcf3b5018989f031888f6.mp3,ITRINUUH
0f5a9d715285d53c557da7156f4efd986461b6cf.mp3,V2D404CM
0f888a687992fd7ad93df33de3c082cb6ff88c68.mp3,UNHTPMOM
0fef0956e6a316a9d82b195f1d4655e3bbc09f2d.mp3,FOR6ZCBG
10006c72242ad32904b9e18764525437a8db2caa.mp3,KVJ6BJFH
105e915a696bd34f8f7c5040b5d5e0bd97896829.mp3,9O64KFHO
10c4d063f6fa6f79cf773990983ee0ff4802c890.mp3,11ID9PL4
10de33c92abf1ad47021b17b5e339d9ed770079f.mp3,UODQ9XB1
1106168b2db01ac02e05de5292cd4a0d833e3925.mp3,DG00GS7P
115b7d3707f9033fda3e78190f47be0d3f6845e1.mp3,8J1B4DUE
11862de22e008cf5cb3ea5f9f0cc4c7032fa0487.mp3,0M2B4AKC
119907b9c5e7628cf69010c65ec2f54a0d02e3e7.mp3,64HXQ9VN
12cc9d4d8af20c3bb4051557d86769f18d80c578.mp3,LEF7AG7S
1341c191963e35e8037242445d0dc0e50e6f3eb7.mp3,9K3IAMDV
1396e32e23f37cd515a0f9392cd2dc0c918c96f1.mp3,YYJF65B6
139e789527328162a9fe53f209c264531e65f29f.mp3,SKQ4VS7T
13c87136e060a3f767e5766b5fa7312c040d65b4.mp3,GHWLEZ3D
13cf3dd370fc705f3fc6007f52d6ba42345602dc.mp3,OZQRRQRX
142d35665a7275aa4ffe680d4e976aa8b52f0667.mp3,QVVTW70Q
145d5539b5d79912808657597dd819e0230015a8.mp3,3306YE3Q
148af998b4d9312545dd8dbe0673abe39243d36a.mp3,JP0T2QJI
14af3138783e06787a2ddbafd2a7e652e45ef8d7.mp3,1L83DS7G
14db977cf9bd7a23d3b4797aff43991c25a043bf.mp3,ONHL9BAA
15209b9d9835d5b07c184b8b7faca8172c4517b8.mp3,AWBZ7ZJE
1540703f7a3cb918a2e84eacb281e4aba3e59a5d.mp3,4SAM1UP6
15574cf04dfcfb7dfa8e50c503d994f363a21aa2.mp3,MMHV647K
15aa1b4d61e80405d0187e2b5d863a728916bae7.mp3,Z33Q5JP5
15fdbf666198109fb4823a89b02cc0955adc378e.mp3,4DIZVKJA
16998e7b0eabd27616df872e6837f63bd1053981.mp3,LX4SQ7A5
16e7fcfafaa613350c599aadf5f23df705cf17d9.mp3,DGGI07TY
16f1928396adc71c4cf07bdfa91c4aafe314218e.mp3,C6ZUBH4X
16f3c1b589906c2c211f914a3557462a2d6e16ef.mp3,7K8TOC79
17fdf08a210aa90a41a9096fc4c7f07f4039ce78.mp3,3HMGZPFR
1807caf6aad135fc05600962461e4b9fa4e02a9e.mp3,DZTRKB09
182f140393b7a03e81bb46556b9057b3c28a5ba9.mp3,MNUQ71AN
1842074e5380bdedf04232fe22920e39ce56c43c.mp3,F82OHQ3V
18ecf471ff3e26bd2e1f17e551e445df1a7bb5e2.mp3,D77AM8MR
19327e61c3149408a2652c508c50e035bcd54af4.mp3,BRWGRVDS
195e39ecf933f229197f35b8f3258ca1c7b8bd7d.mp3,OBWI5I99
19a293bbd805ea3aa94375a19e03272cd350f38a.mp3,6NT9VLID
1a966decd5d9deb0581af388a43ca3511ed15715.mp3,DWGQVG2Q
1ad700f43fbc890010327702df7fc96279a0104e.mp3,242BP16A
1b6678b0bf7c046ef10daf5dd6d3c666ffbdb722.mp3,OOU8NJ5E
1b7593204634a573e6f424861e4051dc6e75cc94.mp3,9ZCO6R8G
1b88e75371cc560985cdba958b893b30c491bb09.mp3,J30IRO32
1bca9e5c4704428323b6fb476daefa4956151a80.mp3,1NLIKM0E
1c0f85d132d7de4bfadb0d78009330682e2fb2de.mp3,E8P0V6D9
1c323c3de2953096e6ceb76619d69f8207433c6d.mp3,OY5ZYKRC
1c5968959eeb1d3d23b87de1b688089331205ed1.mp3,4G9Q3VJP
1caffece22012ed90545e4d586428f6c70171046.mp3,C8ZOI91J
1cef4472751198387203419f2a63b2d2623def43.mp3,GEXAA92F
1d061e25ae471526190cfe366722456eff8e5c57.mp3,O1138LGS
1d5355586780036da3fd6cd37044f24b9d7bdb51.mp3,UPHSCCYM
1d75a0e61f3e288417f52103f808f99ec84515ca.mp3,L7Z1VS4B
1d777ce16ea4baf575bc340c78e082d22184aade.mp3,0FHF5WW1
1decf970be97e631832c54b64f5ae7c3dbaddd7f.mp3,DP4N6L6G
1e4a996f7793329753554d7b5ad0203e3384f113.mp3,68M1GYBG
1ea78bb329f0dcbdb836077d33d3f567b4c61bc8.mp3,VB3SBCD0
1eba31ecd0ab4ef9335f9b13c0850a91b49f9cdf.mp3,JHZNHKN4
1f0aff37f2ad74084085d16881dc38360d99db94.mp3,LUFUMIQK
1f50b5a20d06e9c58cb53a10690e43fae699d57e.mp3,JI49252F
1f5ae5492dd13d7273a62100bdc3bad9c3cd7c70.mp3,8SV0VDIA
1f88c77635ea665e2b73abc80db657d1a9a3aa2a.mp3,YEQA2K7F
1fd56133a3391fd0f11301165dd9ee52d12f7377.mp3,ZKIL4R0L
1fe5b160aa004efbcc81c86535e5278c4193bdf9.mp3,VPCAUTDG
20f0213679271f15cb4725fcc6230d1c1af62f79.mp3,C7CJ015X
21211289f19c03085af6274d1ea6740540a7468d.mp3,2PVADUWL
213560368e4c0e1ab249be72c03eeb1ce0426d2c.mp3,UZYGX3MN
225c7288769da5182861f29646eb7e0b98c805b2.mp3,MZWCFC2V
228bd522eb88f80e7de6cd6637701a68a8d67fc4.mp3,E318PID9
22cf981ea1e84c7e4ff747738da23101d34ceecc.mp3,VYRZ6XJP
22e5d959a98131e0e09cbd9c559bba0b21ac5f86.mp3,O4RJBX8X
23466657fa9423ed617ac7690006ad389c570e22.mp3,L9C0NXPK
241f2feae7cbe5da3c7487359460cbb35b30c78a.mp3,VSSO0TSA
24d9b75feae1a656aad2d3dd4cfe25effa8a616f.mp3,T7615P6V
2503bc33345eee185a5ca8f88b80a04b43fdf125.mp3,1NGU3CL3
25e88502df2a46fad7b80062b7b1b33f213bade5.mp3,56A868OI
25f1c6aa5b25bb7229dc5e864eff95a6de6bcca9.mp3,4YOL42JH
262311b72ed3aee6aa6470005efa39ec478c2a3e.mp3,QMSJ40F4
2684a485b3517689dbc5efecf391946060f7c861.mp3,H3GVDUI0
269cd931a318a22cb01da72816e8f272fd51d014.mp3,35PKZUI7
2774f3c8ed8dd03ee18014e980e9daf68e04e798.mp3,WFQZH7IP
27fc8f40c4bd7fcf440bc4572d154a0b4855704e.mp3,57OE7SPU
280491dcf8696c54917718e54cc602ff31608287.mp3,J0F3FQNG
2805ee3fde2bf811d1b390aa9e3331c3d155a450.mp3,GPWZP3K6
28789e827c5dfd1c66aa727b9a0aa659cae71a6f.mp3,VE7NDHL9
288377b9d197aa19695cb2d3a5c0e8d517b592d2.mp3,E9G4C2F9
28e9b9c8132c4e2fa4b11765efefc89ebcff37c1.mp3,TUEPLOFN
2903737a4ee03aaef52998966e34d0b2fe38a4a6.mp3,KC9D1J6U
292dfd207df70c01080e42fa06922ffbca9698e4.mp3,N8T9S5P6
2933ee97fae96135f82e54514fcc38cdff31f018.mp3,32BVKRTT
2998c225de1a46aaaf3b75068a5f30420ffc4c59.mp3,6X1DAS08
299d4995f8613804002f7c4cb850633f93165c21.mp3,PKHDCLZJ
29a37f5d42b68d0662729f526eb6608ecaaaa853.mp3,S9J11A78
29dcb9040c1043ec1975184a296e97b014c4f2bd.mp3,JZC752Q9
29e7d6233a7187609b75309071ffad89f777712b.mp3,74HHUO7L
2a7b4df64c19a50ee070af0868cdcef27db18105.mp3,ODG3GG2U
2ab150e5bca293c5fc0e55acc741c6115f1e8566.mp3,AX7UCABY
2b1412c6094b0ffe8b5ce52dcf35b15a3b238431.mp3,GXL0U0J1
2b14b2c666856d42fe535312d7979d1119bedd57.mp3,D0MMPB7G
2bb3e098adffa3aeed86efe22fb4b24c4993fa88.mp3,1Z5ZQ8NG
2bc8aa9287d2fdb70438d9d1a63e66fcaff1c477.mp3,EBQGAX5L
2bcffa2f0a5a61f80e273960c070e1e14a6788a3.mp3,LL06GBNW
2c0ebd4a36a17766725f34ba5a56e01ff799ce8c.mp3,5EJXDZ61
2c7b4bcf46e97c0ef90ae77223da280271af9367.mp3,WEB2HXWB
2ceaab271dc7ea91ab214d0f51adb7fe6147ff6b.mp3,R91CQ6FC
2d0c143fdd596879740cfb85f0840d2eb0bb80db.mp3,2P0NEPN0
2d3794cf404884365b3cebff1d0c1dbad84adc72.mp3,3FH895L1
2db0fdaa77d25cc74bbad673f716b5b6228ebc9c.mp3,J8T2R3BG
2e0baabc56ba32eac55530b4f0c0bc395be6e60f.mp3,1VOYNIV8
2ea33e04a80a3ae5a9b9760fc762762747089616.mp3,P6A07BHQ
2f7ba401b9d77bb080b6d6535c3d347158e4925f.mp3,RLXO4RMY
2feb9b1989b720c1957b78d15b7abaf6d21b548c.mp3,PDYE5OWQ
30da2f3ce103a92cfb5a3fadaa5ba7f1ac3be1c6.mp3,46KK2Y8X
30e787ef1851855374f91183c05553c34d84538d.mp3,9KMSK18V
31b85419280097aea2a09d87ddd1f2692cd7ba90.mp3,PAHS18U7
3339ec31ea2c044c68e4b1834f0e36087776a869.mp3,EXMBOVPB
34356dc7343c3f945e94845f462fd6ccda503bfa.mp3,36S67H07
345c2ed6d311f0aa5bd2fb291ae80cff868f4f68.mp3,8DQ4TFS9
34ab1a3c4e44c5c49c4ce3c2a7ea88acd0edf464.mp3,IDAK0SBC
34bff2b1bbf64523c44b2a0a94a67a109f3a2f03.mp3,XH8W0YJY
3505858c366465930a9fcde0ffd962cda6e3c33d.mp3,MPM4ISR2
351f2fbad798fa703c2d2ad08c2a6494f43e0a2d.mp3,O9FN2LSL
352dbeb155eb58cddb4d3b548f5c70b971b99fd8.mp3,AHLVHGMJ
3554dd452d74c2794db9783b7807d83affd4d613.mp3,6LCCUUYN
355bd6f7779db3a1bad67cd224a6d724557ec74c.mp3,67PJXFCX
35914d4ae7dcf906a148cf59651d94459b1146eb.mp3,OE4QAZF6
35a1b19d24896000e5b7c6c37b7e709f74e0967c.mp3,7V13OHB9
35a212e9de3285c5405f3c7a035e6f1e3ee8ee6b.mp3,UIPW5QU8
35eee21ced2febb2acff3052d845bc0c3a7785d7.mp3,3VTNZ3VV
36603eca42ccc4c5b8387027bd90fd56e4e00370.mp3,T7MNGD5Y
36c330199d20d5f4449efa4e6b8f231278656f71.mp3,O3G3K4HX
381ac4280ff2121f40ebac93645be4e7837f42c1.mp3,MH8CO2WP
384104c950cba7338c1c2e56cdf5729150cbfb0d.mp3,OBRV16AP
38433f8a82032511088683897586c732ba6e519b.mp3,JTHQ6LQF
38590696591510a1a0dbf91660427937e6e8e594.mp3,IG2NALGQ
387243dfc882a0bfe6198a7a3ab922ddab429423.mp3,9WHCQRRP
38ff6fbac61ab95f79ec1e4abf4e4cecbee78e0a.mp3,I8PE0LO2
393d3d9d569005cafa3f1a6eab9de1882413e9b4.mp3,VWTC9ERZ
3994a492ab2a91cfdac26b771d0ccc000e590d3d.mp3,DU8NSQC1
3a31e76368d0750744ebb439f3d3bece312baa33.mp3,MRQR8AUG
3a617fe0e1af1a6692c042e7815d36e9a903637a.mp3,HTFLB50Y
3adbb4e22a70f735229f58167eb302f90ddb0e22.mp3,TQ913MV3
3b5f0e091a5abb28af12094ae1cf66ca51708bef.mp3,0AFPF2BO
3b739b2e962906a0be91f4faff7d9d00b76a5a63.mp3,OUE5D6ZA
3ca4a0f11dc47120341a0f985074f1464f8144dc.mp3,WJWPS64K
3cb1376136d2d07ac393cf5db688476ac739e751.mp3,2UZ65DS7
3cfe0168f756bbf7769f5a089095c60a5ef4fe27.mp3,1AEQRPUK
3d022d47b756612588a7f96fb492077886541d81.mp3,LGUI1OHR
3d2b37c57b4a493f35311d34061fc0b55300a6a8.mp3,1FYKLAEB
3d2e98fb6e7360855b3cc32d60c959416c0c8ef1.mp3,WYVD45O6
3d5beecc2e258c3870ea1cf96344677eddf8c9ee.mp3,GH6NG8ZS
3de855c2d1452e09340c329d595650b8517c311e.mp3,0CQ1RLHM
3df55e6b9b4f2ddad4e35cb5ed26daa8a2e870bb.mp3,QTTDF1YO
3e415717eb1e058d6dc39cf4e588869fe22307fc.mp3,MA1NVUXN
3ec93c8931f8a04c40449399720716b361a97af0.mp3,OGAXH4Q7
3f48fe0637dac3f4125c62040ffdda8bc42b1ea0.mp3,E8RKOIJV
3f5baa7f48f3aa432710b1c5db83915beb165d76.mp3,P9IB55HJ
3f729ebab9d6a97fc0bf43fed5398781b720b348.mp3,HGITMQYF
3f862caf1577b345261f4035459d1088fdff0761.mp3,SO1Z4J39
3ff1c0b62ef319749a68d1665a0d0eccc8aa1c7c.mp3,2Q4VV22C
40986e9661eb92c7635162aa7a616d86a57a679f.mp3,PE5NRYM7
40a433d32faf62f16a00e4919958b6c586b3a378.mp3,U9TSVFN6
40fc79013a47e95b861cdac1236e12ee7b402337.mp3,1I5KLBMY
412caa4a8daeb4abd5d81e101738c3cfe3d07f49.mp3,H7KIR7FA
4173f44dbfa55c18a8bafe0e20c659bb74998a15.mp3,O2DRK15A
41c65346954bbf92ad34832ce5aeb36a49e2642d.mp3,GC7NA9T8
42155f3ab6903c35761bb83c1c04134dad9cdf7d.mp3,OF08FY2A
42bdc0dd1da902fe5f380705e15b04eb1ba53640.mp3,ZSKJJO0H
434d9ca3a0d0acfca309c9bf951fcd60463df60d.mp3,HZQKUM67
43da81b67b87d92d53ebe16878323a81667676be.mp3,KZMI2SQ8
43f3077f13bc5dafe71d6f59f7c079661bb5d868.mp3,6Z6SY0OY
443eb8a8b469a743b5f2960acaf66135f4403642.mp3,E5VHS4WU
448aa73edba81f93ed0d73142204d8f7ad890634.mp3,UAO197W5
44d91d60ea1228535d3b6eaea08eb69c51176ce1.mp3,BKNJSL0P
452bfcbaf9ca3c00bcf60ad98efc005fc0f768a6.mp3,Z8H5F0DP
45495aee03afe02ec5ae29a7d741d0659e452f18.mp3,NWTD1KDI
45b03b0afd29595de139160f695a73d1c0279683.mp3,4WQAPUNA
45f9f5abf842d46a5d03c9154a5a6984e3d563fb.mp3,9XZWXDY6
46016163a9358526ef3f1f5c4391918c8f9d8e1c.mp3,2T3NXOQR
469d2cf8073008b94e4a60b255191e01f69f7275.mp3,T8OG1MC1
46b3ecadc85522690148b53aafd8e1e6938c6e37.mp3,O1IZRGX8
470a0cf769c24afb0ed282b912b6a0c0e4334926.mp3,JSULIDXS
47670fa9374ddabb19c5ce4f75c56fae688cd478.mp3,BNHWMH8A
481d0753b2fc1c44bf5c0e19a811be2572349ca0.mp3,3Z0WZ5UY
4821270166227d8688b1d64b7d351adf61913359.mp3,IEG1A94L
482a3459683a5ec0b0c86c55a392cb13928f2533.mp3,AOZOKJ4B
48f52822acc09b3d4cf51b20e8a40058122bcddb.mp3,K1Q6D1NM
48f5ebfd131b67e38bac19297e7affe851628833.mp3,OI57M4RC
4a10554d781bc7f4e0bf7bfddc87630f8f92ca33.mp3,ZAN43GPI
4a3ce5db84ebd3c4eb02c43527f9b40f398a9547.mp3,ORBP8SF8
4a75f52c4fdfb36eea512d3e3e485c1b769bebf0.mp3,D259YF72
4aa95c0ec9973a5e76e514d87596a1f398720772.mp3,6GGFDN5M
4ae6c1c38064fb4683aca19bfed37e5336fe5844.mp3,TAZBUAT1
4b323ddcabdb13f1b532278611848131dfa2e5b7.mp3,I30AK60V
4bd0be44aa9cb468d0f123280b2e86a100c9362a.mp3,ZWCIIZZH
4c4f16db31d32a93e3ea32ce848fd935d3da387f.mp3,GISBDYCL
4c8b98d6bd7072f16fe56fcb12a93658da80d853.mp3,J9004BTU
4cb7b60891be236fda21a802eaeea7f9048a8436.mp3,H3A8OJ8S
4cee8da5f0b03ce82016503cd9e6fba3b86d36fe.mp3,CX4CAHDX
4d248969c515c9b1f149c79cb9c226cfaf4f5d30.mp3,Q4SXVHG3
4d5c693e92e7b5a30be579d3701cb8148439cce7.mp3,L0BH3PFQ
4d9edbded4e2ba14b920d2516e701f87290c832f.mp3,AEPWNG9R
4db39ac9fdf4f8e763fbf8fa2bed3e38c9850f92.mp3,CQ3T3OV2
4e1012439eaa27bc363c4e15941809402bda538f.mp3,YNP0MST2
4e5467e039162e9e0961baf6d782e8e4c6d37264.mp3,7303Y80N
4ea452223c812b1a40ec735a93bd119825a83a37.mp3,3I5HPDJE
4efb64083ba3e6966fbf6436fa0ba15721769195.mp3,NP48JUJY
4f6e6b16d9fffd61643582949981c0b7f2d9972e.mp3,U3X18CQL
4f8bd0024ac3185158dd71702f177958799ae03c.mp3,JA7YZI0K
508e46f72cc068b349bd1f0b38d54a897b15df55.mp3,SLTQ4MQ0
5092642f5d87d44bfbec73773ee6df7e75d15937.mp3,IKATO1PG
50aba38c7b613a2bb86ba1caf51e0fb3c92e537e.mp3,057DQV1H
515e1115ec26a7e443b724d5909386adf3badd88.mp3,Y29TYGH6
521fbf712b09809bce1e1c404305bfca9fc3231c.mp3,7YN9R8A0
523f07cb8878c2f058eeef896006ffd6ab63a54e.mp3,HS2DJOTQ
524e7a604d02b2cacb4a4715981bd6f79c249063.mp3,JOXPK73U
5251031e27d00cdb437715922de96494eb278ba4.mp3,750A75AV
529ae4f0b6fd984321da48e752bd3e80cddc7867.mp3,II7C67V7
52cadd4cf3b27bc0464b249ede54d4611341c23a.mp3,EJ9G0COT
52d5e129177bc6871f60a0d37b19c69d08e884fc.mp3,YY9R8WZV
530bc92f48c0356df8d20a63e99cc2ec6e815b8f.mp3,BRTXDRYW
5345bcf53568a5e7dab6e13643fe06b510c33803.mp3,2S1DMOAH
535cfe2983817dd15b1b38f6131f29bb4b3d2191.mp3,3F05VLFY
538d2d32c69da5fad972740163db0fcee06fef06.mp3,NR70T6NA
53fee52b2576dfb2fb0da2f3e2b0d5dc06bdb0ae.mp3,J2AZRUBS
54449623a630748c11b6bb5b1b90ce80c279ec82.mp3,ZEWZJ1A5
545955b8bd3dbbe88308c0ac894ca645e9c6c1ee.mp3,O45JH05F
54a95300f524436410cecaf1f25e60b90197cd36.mp3,DMHR04XX
54edfd0f024798a5731b9faf28b6ca2cf3556673.mp3,KHQT6LCT
551f15fc078954d28c666b17b793deb630f86b6c.mp3,KC77GBS9
559f957d53906a86fd7139b59e1d19438e3492e5.mp3,6MI0HERO
5672f8b488166a0d10dff28bb95b5327529b4697.mp3,SCEG4ON7
567d20a561880a6891bed2660c5747d2df03b42e.mp3,DYJFVWYU
56d3b60e70e2690a2de0a9ffb5ee44775963cbad.mp3,RR4C9HR4
57acb71d4ac739ffafe54cf6f6cbba897ba9174f.mp3,RE9LEW5Y
58e338b2c5eb56e277265469ed7a8dd446a979cc.mp3,SO83BZ20
58f722dbcfc3b5e73596c2ac3e9ede417750bd20.mp3,H2M4CU3N
5912225b597ace80aea7b57bc763ff25b4a16da3.mp3,8E2GBMAA
59442af74d31fdbeda3b88330946488988529a78.mp3,9F2FNZ5I
59ad54bb5281da77955a83b04aaa5f218883dd52.mp3,3BBEFFB4
59b08a100fb003da4f23604a8f5df7ca2c2aa8b1.mp3,3DXT1BSV
59b09c42b2868403b1868af46d51d418839089a2.mp3,WWJJEIIR
59b9aae90a6259f7a5f630499f5f0b26495b8c1f.mp3,1JUYLZNB
59deac9f5657027ba5946c17f9e67491097dd139.mp3,907OVZRO
5a860e9720821a93a6bf7e3644a40c88d29b5393.mp3,6L1W08TI
5b1a5e26ddf0adca15ecc362615dca02ba7256f6.mp3,MMDB9FK5
5b7fb165f807e565ffe7f8a85409f9757839b352.mp3,7SYP5QV6
5b8b4a0770f1718f34f0f02eabd9da9d9a8e19cf.mp3,9XR799JU
5b9a7de3e4c942e6a7abdd407614fd12674ec7bd.mp3,KSVR4BGH
5bb6ce53eec8a0f68fdd1a198b58713dff30e52f.mp3,OE1EFT0K
5bce98160fe3b9e038420d0d57879044aa099755.mp3,RDRINUHA
5be388b4a81639bce8e36eb5c14aa39e1e1f7f10.mp3,5SFQC7ZF
5d67aa94a5e4ddbb5a8af3b08556de39a20e65f8.mp3,K82770LS
5dbbc476f6b3864f8ede82ac92c72ed6db030fd3.mp3,LRKOVB04
5ea65d80d19952b6ed813270d562b3d8874948ee.mp3,E8K6SJL3
5f257fb41a03a9108c9deb9041d29da7afbaf655.mp3,5W9XDIGC
5f329ed8c845769a819dbcf51b893212586312e9.mp3,66DFUC0Y
5f8411862fb6017d6557de1755583cb60348d37f.mp3,NFO7H6EB
5fdb3684bcd4b21d81df6c0ad313697c2b96ef64.mp3,OJ14N7V2
60096993dccc5ced4a4544a2945c5ceea490b122.mp3,W8UI0HDI
6063baeca6aa48491aec20f996ae2a7eaf4d1427.mp3,LZUXNXYK
60eb147686dee7c491f5cf9f006d46b2960e3d35.mp3,4Y02GFL9
614ad754024df681e648628f4cb344bae2da08c1.mp3,E71II8ML
631059c808da5f67ec94b8da7066807ef6d669ad.mp3,8TGDEQTW
636e8fb6f97a149a7d88099591befd0b87496cce.mp3,QTC9P68U
6389d7e2d9c82468b5296698412ac33d3730813d.mp3,5KAZ5YSR
641d48dd49d4892debfcb57f217847327f72f03c.mp3,JOZSXFPB
646cd3be239d11b49bff2f2765462b1bf9c22d9f.mp3,3I53EICX
6485b59bedea21f33659aef3da91e05eb6bd3a62.mp3,4J8WJPVD
6497afbdbb69c135f1ebbcd5c765f6174551b748.mp3,1ERNVHYZ
64e6c7e2c048b7dde9989b67ff903116e00ef1e1.mp3,HX6QZQGE
652ace4cda343154c460c22bb280610ffe8b28d0.mp3,G82G7DWX
663a28539c56f095c1a9505352234318d00a4df5.mp3,8JC3JH6Z
6643765616331ce0789cd503ea0e64fe26e96be7.mp3,S811M9FQ
66de58776fd64bf0728d9199d48f512aa03a2e70.mp3,4JY9QSG9
67a5efe91c15210dece423c9b795d09219785e8e.mp3,XFOZYF1R
6803a3516c2db003d06c437c6d72e880fc47a65c.mp3,H2RA4MJY
68b34889dfb73859234a9c565a9d09fc16fdc2d5.mp3,HOXR9OIH
68c11047b01b401b4fa559f83a15cd8c62d595b3.mp3,KJ09CKGB
68d7d0d9eee68ef5c60e10869bdc2dd19d8a9664.mp3,F3DSOACL
68e465fa87d6fa8bbdbaec791de7b8d6619f3bab.mp3,PM2Q2DWA
68fc195236962c0cb5324869fac6ef49e7618b08.mp3,RR6DZZ0N
6903eb21fe658ac1eb8864019f9463ab450f01a7.mp3,2V9JJE96
692880a6335cd157b733655a2cdf06bd800ad29b.mp3,AMQCN69R
696da4cd549d8ba0015db1247c76c24e0130dfd7.mp3,V6SJ67NO
69cf6c510f8447d46f2d91b200f0122819766e4c.mp3,CB6HHWKI
6a119be4e81d899eeb8a5a54aa6056faae1059f8.mp3,B998L1V4
6a1804ce06560031163f98191d03f0ce04f03fd4.mp3,D7M9A24P
6a4f086aed3df55647db0ebb8e7164aa264ce027.mp3,WNSGSB4E
6ac96d9db73c6103f0b800977a03495bba190318.mp3,MKS2TCP5
6b263082baf9e9500a684e937b140fb7556dddf9.mp3,MQ6TQKBP
6bf4c73d66d0e331fff9ac9a7a9a68dabfc5af24.mp3,HG7GIG58
6bf8287b6417a2de87cd392380eb047242f4bff6.mp3,BYFW85MD
6c80388aeca8a40159d113f34fb7d3a5db24c1db.mp3,9EAL3SDW
6c89f10b1185deb153c48b26e6d495df64ab27c9.mp3,7I9TV4ZF
6d26794ff1f5e699ed0ed4db2e0f69180442fddd.mp3,FG0C8N7P
6d603fbc73bff72fe29682d401e28ee93f5b00e6.mp3,J3ESO9P5
6dafdc31cf50ca91d4f205d59b2108dcbaae5ede.mp3,DABKXWDG
6dbaaeb4239aa79c238f705c19441a4b0d4a8069.mp3,T2KVDC86
6e1aab9d907017f8169990fc2819b74539dbb39a.mp3,WCV1BF8Y
6e1bf83cd1409b162661b2038bbdb62ca45fa9ce.mp3,0UQJ5BJK
6e4bdebf5fa56503c1858b6d755388ceab970007.mp3,4Q4E2X9X
6f1e5f5fdbb850cbe89cabaabb37a7b39662026f.mp3,PUQMRJ1H
6f6aa84defb09883ba404b649198c96fe41da92a.mp3,02BCETKP
6fa23a02df575c6d9c560d6742f5baddf29f0ad8.mp3,X1P5FJMB
70a35922410bf823de075aa510d5af4d2afa8eab.mp3,J26CIO6D
70c4952aea24c1fdf1b6be5d574885feeb26874a.mp3,F5DQY7BL
70d8b8e0139d9343e78e5f261a73ec6fa624b179.mp3,725NWWYM
714ef17899d9fd63aa3508461d952b5e860cd429.mp3,OD7NSSXT
723f9c65336ab562e4b4941adf2679df3d4f3801.mp3,4Z8G9PM1
726d4a2eaff0e2ebecd71a1f9c13f76e9e4590b6.mp3,T2WUFP4T
72e266b8921655b83491e4ea06a26e5dc75acad7.mp3,H901TLSK
73a1ac64ea74675073a4d1c0848c19c7a963d02d.mp3,SVN1UFZ5
7454db5c9aa0493142e8c3b743cdb65dab7caf0e.mp3,KJJBQL5S
747221e9145d5431a9669c04fafff7c8a24bca13.mp3,WK01PTFN
74b26cab4a6004c526ff55437f18c943a5083d0b.mp3,239LCF89
74eebda7cad36c99820584bcc38905cf042e14fe.mp3,LGC3PFMV
74f92db06c745ff4ccdeac795aab56f0db730d2e.mp3,RF3C38FP
7592fb7957c45acb459cddb3d9b2153592b25e46.mp3,SOP6HWF3
759b09cf5251c36dae8e12ef6d8da371dbb3bc70.mp3,R18IFSEK
75c4034354344fd3670160f6b71f7b873d644920.mp3,KBRVUMT4
75dc46aa4ae3ce577b9500b77af51bbdef3bf2a7.mp3,JV1VDO2Z
75e50074c4654d00a26cd5bc978ce897020c2b52.mp3,ZF6FNMNL
77090f762386df7e4a9bc2d0307cf1ddf7bf5e4c.mp3,VNU8JJW8
77116957b317b0be7e68544307f198c44a7ccbb4.mp3,UKNYD4S9
771a5ae6c1b44c309c709df8af7426f6246e3086.mp3,YNXXQWS0
77706608d6e25e08e4285523fd362cd0dfeb9ef3.mp3,WWEUJ4KL
77726e84a43b5ba575e215891e58d7934482a155.mp3,SQ2AKMVX
779aec4a6aca5a4f40ca8548731bfadc4360ec03.mp3,QA6UVC2E
78a68753617dd49f507dff39d021ea71abb318dc.mp3,V1XDVTR9
78c68e56b0f13d33b8f0282b59c66de713201217.mp3,2ZBV35BR
794a825d779f20163c6e4f2fa713193098fac9bd.mp3,8XEYFSMM
7a90787f11e075c43253e4501018651a9ae109b3.mp3,HLQIVQ29
7b39b9ed05f60a29fe6dfd1ed83c7217acde01b6.mp3,AOZICXNY
7b6826d4a148b7e28f88a171469598793bfabab4.mp3,5ELM1O3G
7b9af7533f0e9fb5edc1906b31e01c93729fd681.mp3,LPW62JKG
7bf995f91fe8e73729097bf839630b25a9c7fb4e.mp3,6H9SU6BI
7c0a0938fd20c952b7f88f3003cd5c0b13624bc2.mp3,M3UWY9OK
7cd1c1d228437513f398d0e98842ef1cbca70fb8.mp3,4KS7KFWD
7d1f7baf01ce9e6e0ee8fbc2af18b164f8ce56d7.mp3,MKI0OMIP
7d2e8af35ad92114319cc2b93bc76bb7f79430d5.mp3,NRKY1PYW
7d5cbfc6f5f3bc15f41f4a89343ee417dcc9032d.mp3,OFKPYF64
7dda5bbd5fc60808a4488a88ac622663a68e8c6f.mp3,NIRW7ITW
7dea567abc9a2208363af5b12c58140f57a3a72c.mp3,5M20GXNN
7e80c68e71bd6e3af184a1a6e30b3c09af16791b.mp3,LPD0980I
7f5afc2a402df578618bd051571949d4d521f990.mp3,CZIWWXRM
7f87db63fd757b960b62281ca0a2850baf6eace0.mp3,05TJIJZR
803900658f5dd57a75a8ce39ed6f75145c958f62.mp3,E96OA8HQ
8072214fe7b634c863d4d756d4c2d3f5f512a5d2.mp3,DF4B6JSA
810daa28f19f2a46df92b87ce218ed9d6a6e8db6.mp3,4KHWO2ER
81d3582f38514b48dfa0b032e5df0d62d2a1a7f7.mp3,MWGI7RNF
820ea7b60c530e7c3b4b0f39b0a57fc790fd2bd8.mp3,CDF75R1T
8353f7dc568e215049523f6e2739075efc18c6d6.mp3,CKAOLQBB
837ecec93aa87998e817f81b8da0b2f02d6c79da.mp3,610CMMQN
843494da8de74cbd0e2a206d1a61b175a5a16695.mp3,SHW1LD2J
847e6f3102224c627ac0969a397a815955750425.mp3,C9BMYYAX
84fc7bfac06b8e2ad6f8e1c965b5602dc68d162f.mp3,NLEYQ38K
8559dac32e44ab10e7cff675f760ad0c9b217e81.mp3,M5GGRIES
85795eac95de70fa5a1f22e71e51fcf2d7c62d39.mp3,XMZMIS9P
860434cd3feec0cacc8222d286a3a7d3e85cfbff.mp3,1O591S5P
8621c631733be57f8d8ba70d44c8411faeb66361.mp3,XVZI90K3
8641ead6739304263e759d3cef22c12333015b1d.mp3,X7Q108IX
8658163679190fe68c6c0816aa17c87940e1bb84.mp3,XNZ2RZT7
86a50b201238808b14b2ac7c39ed4938c6d65a97.mp3,1PZ5GAIN
877e76b2b471f189533e4582d8222594965fc6f0.mp3,XN0NC6F2
8805fa10bc94be702e100e185a378e56f2d5a48f.mp3,Z9QCIY8N
8936146479899ddb57cd0dd3a6f7ba6eea524ae5.mp3,O8ZMIDWZ
897d4b872a8705daaf19731667557fad44e51773.mp3,UD0X3K0S
89a4c2a84f9270bc4ed96fc4fa5c5f24a85dc2ba.mp3,0I6Q7MVP
89ac3c7bf7d5dfd8c472c2a57b4123a4432fb41c.mp3,OFYKFZQC
8a2350c86bd8d7d69d599d7ee39280ef0f769468.mp3,53J0TJX9
8a6ed3c0ea872a786dfe9a91b1b9bc78cadabd33.mp3,MC7YSI87
8ac88e217a601a33f39f1dcc660e9f8a547a794e.mp3,OE35VV2Y
8b23a1a5957e34f301c6ea838cd8a1fe39c6da27.mp3,JMP0BPIU
8ba84b4a32f90c605e36121164b92085d6d59a31.mp3,M8IQV6UO
8cf83a1f00f7cfecfd46cbc7030d8f00d7d375e8.mp3,U49F9Y17
8d0d1c74da97e2c13fce9613a0d406811c554154.mp3,77ME84J1
8d1762231e0bd2ddad46f166b3aa368ecfa1909e.mp3,SCQTP31D
8d2312e3c7ea98f3185aa7ca85b493a0477287a4.mp3,3PCBOF8Z
8d4f1f615af7ce1a6f87cff01e9ba9f630b63dd4.mp3,F1GXDFDE
8def2cb8a09146ed61ef8bc829f275dc7c73895e.mp3,VVCNTX7J
8e4706904ec6062e733b5d8e6a0c57eb5c79f66a.mp3,8TIJYT4M
8e4fc7b98ee5b72be399ebad9f3f34af31f4a30b.mp3,W7WERVA8
8e8d4b9cfdab92285f5866c72417945b1bb2f06c.mp3,J57ROEAZ
8e9863088011bc780720e5953b3e91f0881e6af5.mp3,2HNN3ZH4
8eaf05de519cf0993e355cabfbca6267a79d71b5.mp3,ZF86BQ0S
8ec897abed99685e905ddf0b1dc0ec3c7e37b7a8.mp3,838UZVJE
90aecae90a3fbbb5da244092c49059d81e56ba43.mp3,RZCSQCSL
90c04d2ca8799dd022a3fde7110d33a5b5696f46.mp3,WHD0UEIX
91427509a546d9bcf2bb21996adf841c472f96f2.mp3,L2J0IWEZ
914f1ea829409f2bc10f4729b85fd9b8684aec0d.mp3,6RAO0BNN
91eeb67c0cac52d69728a8badd9aca4d236603a2.mp3,KF9DJFZY
92b5fa5fa39f985fb8e4426156765d2d5a63ee8f.mp3,6UKNB15X
930f06175fc7c48446442dd25c53be75bb7da3bd.mp3,RWIAP64D
93c8c30784b7b69aac6cbf0a359ec07d1f08711e.mp3,A2OP701E
93ccbb49ccf1c772247d4527e92cb24e7892b6d2.mp3,PNKJ4ZM1
944f52f37183e7ff45e269360c1b098643d8efd1.mp3,F7MU7MSV
948942f5225f83533a796a270e7ea3f79db7ae8e.mp3,XQ5D0WJT
950d278510da20013f619daeaf738a65a922a757.mp3,EQXPOE4T
95225029aeaba9cb8b1dfb97eeb5e7ef386e068b.mp3,LDNR3OXQ
952bd64419f983765e62d7ecb49f391cee179c9e.mp3,AO714CQ3
954f81877a61bd1bf8146e1c7068a14e42e694a1.mp3,XQZOG4H1
9574f0eab50e44d4c1c5fee09041a7cc0bcd5d83.mp3,552X8HHJ
95aa9ae58299edc25f634dfa3ae7dcf4bebc6b56.mp3,HK83F4H9
9604d7b2a3850208568a0b9e27666cbc6ace1b18.mp3,USN9UQB1
96bac337d8143eb780cfcae8023bc4f77b8583ae.mp3,RML2WXLA
9731cabb64ddc1eeec469fe7a9f3b849b5af1fab.mp3,MSYVAF0Q
976f58eb5e9c4b5db9dee07aed5dcbd370aaaf29.mp3,8PPDX9RK
9790ad01d64e327ef70eb19c54b5288bf0eb52fe.mp3,1HAWFXUZ
983357aee168ee8c72132ababdd9114703604bd2.mp3,KMC1ZQ7D
984baf199747644d109684f19e37de3aa2752ff1.mp3,WNIHWBK0
98e5a31be7b2690f5f0e542454c7b010308c3ecf.mp3,817CNTCX
98e6b4b8ff2611612d195964c09ac6220694d688.mp3,U3RR7CR5
992a81aaac70a282a58a6dfa4038a900f1c81f4b.mp3,0H4BUT30
994ca1a48cd55c7e9281feeda8de947d1f8f1430.mp3,GGCKKRXY
99510636091a186b49cd1ac3d745ca7e86137d43.mp3,9LT79HFT
9991b37e0d83443e993bb3ff541ef9bc0c9df7ba.mp3,GBT4F99I
99dabb8dcb86f226253b98b291021b9393c1b8c4.mp3,TISBLKX6
9a3a223ab80222e9992b5a50380ce7aade6b1f25.mp3,UWFUT18H
9a651a4030c03333faf5a3e07ecae42014673427.mp3,8XUZCU4J
9b3a64e258124b54ad6c01cbf7742334872893ca.mp3,242D3N18
9bd2cdcc85ccdb2381de61ab86221bda440b31b4.mp3,0MRCJ2A6
9c6af2eecc404774226cb9e61de7e41ad6178fca.mp3,OT8J820H
9cd0c01135d0b7aa8656cfdb63ba6f7e53421158.mp3,TO674WOI
9e1c5a435e577e8a4499c661fdcd7e05c315efb9.mp3,R9S1XGBI
9e6b4910a5cef37e43cb48774eb8e78a4bd84a8a.mp3,N1596S7S
9e8a6be5b2ccefd24ffe4763f800300301bb5a95.mp3,L70N75HQ
9eeec542d88601b4481475211a4de953511c7abc.mp3,59S7LTKO
9f786c4de0c1445c67af585e151f4d1b6102b5fa.mp3,6ZTCTB4V
9fa5d0740354cbeeb2b7687900299df791a46b1f.mp3,NUU0NL9M
9fe5e950ded5f88038f5d4dcb032f10cb855fba9.mp3,WBFQ8EYK
a1cf56b549e4ecbc5747eb94b661c713e1cdf2c9.mp3,STR2F1SJ
a1d52fe149b0b45fad9e6c7ae48fceb31ea19ed6.mp3,C737ZZKV
a2a8050403d0c4288823c2dd8b499016abc23690.mp3,EIB0GE88
a2c9025fb27210e41695f3dbb643d637575d120f.mp3,DZLJF5ZQ
a30082297442b72e5b681dbb79d131fd85b2427e.mp3,HKU3XWZY
a38a47e31c324a97271326a3ee178668088d3865.mp3,VMHLTFWB
a45f274a6e490ef8506663eebfc08ed8b403cfdf.mp3,IWIN7ARU
a483996e2d038cfa0a77e23bef3e029692249a69.mp3,4BJWC28U
a4ffc72441be54a30ce0a4b142400fca2b2873df.mp3,IUJACGX8
a54d0a578e735c16d85ea4bf750d4fe6672805c2.mp3,82SMWM4U
a5bc02b56431995327a71686bb10e89e196ae6fc.mp3,6NJH1Q67
a64bda4a271f360a64635b2e01ea0834e1be679e.mp3,9UY4REB0
a6e24d0bdc219e63b8a883ffaa661d3ebb53fb7d.mp3,OLPB5LVS
a6fd7f37d6cd8bc0b86272efbe1541d26a72ddab.mp3,PND4HRE6
a80874f0ce8778b281e822940f57a018769cbdd5.mp3,VN460QK4
a82a830affce6bbe6afdffa2b9d6fcccb1840547.mp3,XO8USHDJ
a82fabbf54710c893227343de2f3a5eda1c125de.mp3,RRNCM3A4
a83e3335ee9a63b30d2de76fbafcfdc8b54d7fed.mp3,ZO8A6QQ7
a884efb8eb9bfc1cacb11cdcb60ec6b26d2a2395.mp3,NX171P4C
a8eddf0cfdf5f54cdde936158c4a08bee28596c8.mp3,L68445CO
a9187257ec3cd8fad6da7bb8056a336e4297f8e6.mp3,7CXW3RWN
a91d9c3aa82772421b3c80ebf6e7ccd40cbe5490.mp3,JHX0OKLA
a94a4c7e99a3b667600da5364bfcc1462cb91f21.mp3,M49IOCTS
a9a737aaf54d283a1a39a0cbea676f5c89f567e9.mp3,DJ25WNO4
a9ed3b6b64bfc4d9fca3a14eaa860b79536535dd.mp3,0KFD6QH5
ab4da3ac0bbb8a92de14c1b6310a096b57e2588d.mp3,WOG17OXW
ab6e5a43428a14ea842179c454b18733b130051c.mp3,4X8G34Q3
aba117dee62164f46f87d5e9a1520aadccf2ebac.mp3,UVA3NPNH
abab48ff7ba9afa4331ee1d0aa967b0b50f3deb3.mp3,OED96NC4
ac1e785c26c6d6de80e99dd99331ca239f4f8a58.mp3,247ZSJEC
adca042ff31d4017e2275bb70299ebc6405e4bc4.mp3,AOADG4OU
adfd5708def26ed29fcf73804042e533411691b7.mp3,EM9C0P09
ae2300bd3f2b2149157503d00b1bf7a1c0090628.mp3,M5RBUWAF
ae4430cbd6709bdf5c9fc3cc77fec941175d21cf.mp3,B3DHQVUA
ae63e29745e43b9c3ab8bf506a7e358118743bb7.mp3,TJKH5NZ7
ae7a276c220258776e995047cdeb99f980291d9a.mp3,VRXTZGKO
aea4f40c4f6dc42d8c9451c721c6d73c722fc6dd.mp3,UJ9V650J
aea6042fa3c3024359d311f2ee77112a2be7e205.mp3,2YTKDJPN
aead7a34496fab67f550c4aba88e5534ca75374f.mp3,0QYBI82X
af323e56dfd84a9c2bfffb8ba4f3a34ef9b930be.mp3,V87XE94F
afe3ea17bfa9d49fcb26973c26e06af2b077a076.mp3,KNEFPB60
b047eb8a0c6c7878ed15169c42ae6af2366af72f.mp3,5XIJJ5XD
b0b556851cc2a14f1041a7a18dbedbe0643bca6d.mp3,M4TSGZI5
b25f155cee1bb599eb8212476a497f1a986533e7.mp3,MRLDTO0F
b2741a840fff09e018d5c4e84734fe48b2e9fd60.mp3,C8WO5BQY
b2e4e88e366b9414b54abb2511fe030eb99a0012.mp3,R83NEXNN
b2f298a356b674a042a3d000b6681cd30fe4bb67.mp3,8BDK2NEC
b3142e585a5198a080d7501bf8bc76692e17426c.mp3,RQ9HX9H8
b33355f36f5d55fcf164231df967d1563cf98545.mp3,XHL3DRQR
b377c604f91518891bbdb5dcb6ae0a4e95a56be7.mp3,17EDKSMI
b3ddcacc02e960f7f6573b8afbb12f80ed7451f6.mp3,USZXW3KH
b41bb41a99dc67aa83e4f14f2f47f303aaef0018.mp3,KOEVWK9L
b64a727d19f514bfda0c11356a55ff8f0a70a2a5.mp3,HDTWGBNR
b67be5abfe4002f6382b6bcac8251a5dd309ea19.mp3,FOIS2DTX
b6d31a9dcf798232c2d00ea4c1c54f8c03d31d94.mp3,T6YF75QS
b6f63af405a94eb6dd580e17a363512a5ed4eace.mp3,VRKSOJFL
b728495025c785a3d3b151b891ce4f7363777784.mp3,DI3UJB5Z
b75790a1a4550ac4983069f22102ac65094b808b.mp3,ZNEH1I3I
b791919950d72fb8894d66670040b6ff2c4ce0f3.mp3,NCLMNHTU
b7d6d371ed5d02dc3f05149104306fd962d59af4.mp3,5O6JC0DU
b7ef3fc703498faefcaf5ed45ea24087c4fab91c.mp3,PVMUR8ZA
b86fd0bc1fe7ff49097540b9cf90520f8c8b9174.mp3,2YM5I5JK
b8c5fc00de1c0505c5b3b5bd790bb07d4a7b573d.mp3,IFSDG7TL
b918a142f279720ec09af49e9d70a133c4121969.mp3,SUDTHQCI
b9722ed4202a7d43ab9f15fd949d21bb1f3faa0c.mp3,6SJTF8Q3
b9c80ef3b0945fd1b77232816a0fe50a8bc40423.mp3,DLEJAZ40
ba31a8a31f844c75fd0c563414367e477243767b.mp3,BC79U5W0
ba54be15cec4fe33963c0efa4d3c8b107dfda457.mp3,3U85NO33
ba95dd650307fc67657455bcc03609b7eeb38226.mp3,RH8SQNFR
bb331cb98f44af10c737cb917bbdfda90d3c5827.mp3,E3R3J925
bbebb4cb26cd60e5e2620782ed34ea5811589837.mp3,WVHZKN21
bc06bb9788ca831ed466878c9d1971f5a3efaa42.mp3,WICQBO9L
bc122136fdb6671a6d4438fdee64b255a86eab07.mp3,7J2DRTX6
bc61de5492a96b9c9e860e18c0334d3fed1ce1b9.mp3,0T6ITT4J
bca67b260e54262b3f87e2ce4051396b5e46538c.mp3,7QVB2BDI
bcc8cab8866945868baa85ded7ef74985fa5729f.mp3,92AM5EJ1
bd3cea7101ca6ff800abf543444a6671b1e6c0ca.mp3,1ZDI0D7V
bd3faab9a85db2a774ce9e6428eeffc4ca02b9a5.mp3,R9EFVQAG
bd49ee57899558d2d99734ef3c91b754a1f8faa9.mp3,3Y3SF6M0
bd4e08f5866b51f7fdd5ca8c6d856632a2216d23.mp3,W2BPVQQE
be09503fd2ed58f23be3e4343f0292867b509823.mp3,BJ0U5HL7
beb37d94122a144ac96296f77530e7ddccd485b4.mp3,346VQX2U
bf21194a47c6cb4514a46529fd2e6aa45c96dc1b.mp3,3AZVN6UF
bf446226ab55ed74807f5512f299d749034ad3fe.mp3,86CPDDZG
bfeb26387d0a200eeb47abd55d4101216a75188f.mp3,TK25R1K7
bfff783ac748ee8b769a3977d12c657306efe437.mp3,D1YE6N7H
c02390c18541de4749e50bc1cfb65d11a4272f81.mp3,MBY3O0F5
c069cbff651b4c17891a4758747272d7fa0118df.mp3,XT2QF90Y
c0a58262e1d2ca4863480cd9b3ebbf668645fb34.mp3,8GPJ9A51
c1dbe154aa79762952f387f5729d6cf6a0e3f143.mp3,EB1KH6CF
c1f13a48b86fa707013404a307c16bb37019d42c.mp3,V5FGW29C
c203e6a540fa720553c1ad703739151b1dc6c3bb.mp3,WYYQR4S0
c2f50f93b0c99652867144187bf83133c7d88cd2.mp3,8F0LUNZG
c31af55452bc777406938c852c93bbf860106d64.mp3,S90REECY
c39c8c02524de11f763e33fcf993cb4fe82cd25c.mp3,FWV46WWM
c3e79d15f41db8a4ad7cda79ee41463526a16943.mp3,C8M0UAZ8
c3fd8b5dbf5baa8474015dff21c387ac633a446a.mp3,X8N3TDME
c43898f8116dc4c0ecd97b8e8b078751b8d964e9.mp3,IVX6AIBF
c46a21f2d73d80b838fe1da2287ca1a661b71571.mp3,RSVMPG01
c46ef7552295006879182cbe95124780406d073e.mp3,5TQDZH7G
c4733e57acd3f0083eef949b6c05904714963c2d.mp3,0MNFEQPP
c585b7d0fa8ff68f9ff57f5a57b75f5401412ce2.mp3,K8D5CXOZ
c5abd4ec9e93e2f1297f825f9a782e41f64716a2.mp3,MBB8S5D7
c61ddbc69298388e901703d3a0c377d022b19638.mp3,BWRS763E
c63a4566202c8061b72b1ef7e3194130566f0cf4.mp3,TCLSF2U4
c676993b2afc705cdd6ee0e669f89b67df6d1f97.mp3,B7A8PWIF
c7d024075340023517bd26a5b47de2d179aaf682.mp3,T6QFR3EA
c83fa3eb4ad2bb84111c8e5e8940054db0fa1439.mp3,EL0M48Y0
c8b5dd8915cda5736e1016acfe7adf9777ca6ba6.mp3,YF6PEZ58
c9336120194a403b2e4b549ffd0e27d1da89eed4.mp3,5EMGAQ1Z
c93ff1cba9b57dc074c3b996ea08c40e15490e41.mp3,6965J7LE
c976b94e420c3a3c324510bf1c2a88d9456beca2.mp3,VATFFCPF
c99de82c1731f505c23310b00e6cc14505c4aca7.mp3,YJVNVKUB
c9d9c041afa7c90504321c309d1aa39bb2e0a4c2.mp3,MBH56UZK
ca29006b6c31bec508315c8649a4de321637722d.mp3,G3FM5EI8
ca79bd03b495e6282454b5c3ff163405e9fff4f2.mp3,A97NH4EH
cbc6ac4c2ceacebcb2598ec8e632558e01426c09.mp3,NEB6LAF6
cc3a420735787ef19a921b24dcffeb133bc79872.mp3,I12PXCUR
cc49963749890f41e5fa78a162368abd9801422e.mp3,HO0BW7W2
cd6c3e2750e314d3380de2c870c4b527487fc6fc.mp3,4M4FY7WN
cd96b34e1c6c127309ef5541bcb7208a225e51fa.mp3,LAR5J6E1
cea89dd65c09d98eee21f54335e2a3f29ee61cb0.mp3,330KGKLO
cf9ac7ef2476aac768d1aad6a92bee77bb1766ba.mp3,FZCLT0WE
cfb79142e7a4e0559e1e37857504c861a1afc13b.mp3,5P3EJ9ZT
cfdfff50281b80358feac5d3d65db9b399b6f22b.mp3,G201O8TD
cffb72248d7a3aac04771df077ada3e02408bd95.mp3,A6EYQYFD
d00ea0e7d171f3b67c7335219cf08a7d09bfea37.mp3,P47IBQS4
d0ea5f3f687a72e923e47f1fa087d0ef0b104a36.mp3,NH0DYTCT
d100464f2774eba897a440b9f699c0c75d993b0a.mp3,3EDGPSCZ
d11cf475e79a6d6855e4f8b65c7ab8457b8625b9.mp3,VHGPCPOV
d1405e70289fe9570b63f67a409a543d52b126dc.mp3,JZO1OGBI
d20abebe2836c51a96439f59c35e008bc232e967.mp3,UUE5P2QR
d243e17aa1d990f8f5ae2079a8eecea049a9afbd.mp3,WSHQXKPU
d30f017b049a4ed370ff35e2aa593e87a8d01275.mp3,P360N4WH
d325af7d71aed273f8720857f49068bd9a013830.mp3,4189X80J
d339b697ced5bffaee118c960f575ca5fda609fb.mp3,53FP797A
d35e3d049000506155fd08e0cb9dc3f21147604b.mp3,F3SHV5GE
d379c1c17736b7a3b38c020946012f617b1d7167.mp3,X763AJBD
d383a157445a598389f17570791878a348046ee1.mp3,OJX1HMSL
d3e880124c1d65bf3960dcc78da65c2b563a3ba7.mp3,B32U0E27
d4156984db8b86521eabefe47009e604a4d3ece1.mp3,CSJB3SXK
d455bcaca5bcf5c2ba7ce482d5e00f4fed833dac.mp3,4VO1ITZP
d45e5067e778e0875b22bf2dddc6c47c899eb2cb.mp3,WELTB770
d54378f99cc712d951fd0fc7305614af6961a065.mp3,2B00XIW8
d5b9f63e88e5dd15b9a95f43b7737df82cf4f4a1.mp3,A1VAD9L1
d5efb20c23c0e97a08194230c8184947c636d07a.mp3,7VYMRIL6
d858a1b4fbe375796f6f09e093e742b48a757597.mp3,WHM4A53B
d882e310c11ccf9a7ff62579d4003f88526f09c9.mp3,NGXJXFGX
d8caf80f1befae2089c59842502d75bde19b0509.mp3,XV6ASE6S
d8ed2508942be992311e0a2c722e8a4f42e5709d.mp3,CVE211MO
d992a38e3f6ecd433a1e0adec44d55d59d3fb6de.mp3,SQL0RODZ
da180ef8680266738bbefa571c69c2bf78bf0bfc.mp3,BQZPF5O6
db4bf6dba5dc4b615cddc6bb444d08af0ccf2a14.mp3,RNF718LW
db9896cf6d63bf5999f779ea9999acbdb6b3ff47.mp3,LBMKK1L1
dbda7776c364f09fb529fbbc196628a1f5fc7482.mp3,NQFL96AJ
dbf17997ff729e884471e5ffab2abdd4a865e3c0.mp3,GK5MJMSK
dc11ad9b7a813b6ae8de3812433387ba69ef93dc.mp3,WDTBZMMN
dcb9ceb44955e62a4a2535efc3c2ae49d49e2551.mp3,UTPJ05ID
dcf34ffa067415e76c2e4c8f5fc2ef9039953f38.mp3,3GVPYKKL
dd58dd079d2eef93815681f28dabaaca07d91d68.mp3,6DGJJ4ZV
dda182338d07577d3b83ffc48bdfc0b7b96c380d.mp3,NW9I7UXM
ddce7f1b7d617d31cc95ac874ba39c58c3749394.mp3,T65DVSI6
ddd6eb65b907163e535fb3094ae6ed73ec505b65.mp3,CKGIMYMW
ddd798b180c0208de6b63b251d62d18e565596ec.mp3,LSDUOZBT
de1fff04d3efe5044a5e36ee0ed1b77b7199053b.mp3,HDQ7IBTP
de86a4c0b047a1c6da8c1c070ae1d3dccb75e954.mp3,5Y2FKI2H
de90099cb563fbfde94881261ad0c2579288e167.mp3,XPXEV17Z
dec75f64d1cee3b3f6c1a74ffe93d524f74a0325.mp3,3OXL226Z
ded25387191eb3dc84360b9ede77f76558e06fe2.mp3,IZX6UBQE
df3700ecf59c55a559619ca652e16f7702903af2.mp3,OXTSQV7K
df382637cc070fa3834df5ec80118fca650369a7.mp3,6PN2Y17F
dffce746e89a870f3e91df093fb3ac578342d00e.mp3,SMZ0EE99
e02cd209bd37a23bda5413ecc726e199be864424.mp3,2011Y3AN
e0e2162de28311f9db831e21a669d22b5c6db4d0.mp3,Q1LG981Q
e220842bfe3ee63749518089c613f798acbbe74c.mp3,NKOP0XWH
e22a4ac64d5886599d4ad8eac4fa7613491b507e.mp3,J6V4R5QT
e2d2b281fbcde872f4ab0afd37d0c1a1a50c7eec.mp3,OEW4PKRB
e3f8d360c6364d54265d5c3cef041c1177a0ab3b.mp3,SLI0DW81
e42910aab4bde253f9a569e81ad8686e291ad91c.mp3,YFGUG9N1
e4296f5ccb58b99bb9a0fb85ce2b1e22c500065d.mp3,2ZCA3Q6U
e46918dab60951332c5bb2c8a7bb3da857e4bd44.mp3,G7QY62I0
e4c9e0b0083f80ec6025f348f6ee71321b343409.mp3,P9856J48
e57d9120c314553443476d061e73149becb4f856.mp3,4JGWS08V
e57e89892aac7d4ff3b13ba4d8724e1e222e2042.mp3,2OY50CF9
e5f3d46f9fa5100ec9c306232f7f41cd6ad37f70.mp3,OXD38PJT
e601fab1b7c39befbca466a8913680ac805b0acb.mp3,FSBW7P9W
e646155f2748bb643f19b080c2a5213145056956.mp3,EXUWRSFZ
e64ed0079217148fdf5e09c3535cd2ad772918a0.mp3,RQ8MI9Y9
e65193a7f298f7021920daf6475e6d1156ea2736.mp3,68CCVIZR
e6c46e2b2caf9937a7d649bdf1e252cf74524323.mp3,LTJHC1UH
e735ba6c2256738206a102dba9b153bc2911f133.mp3,SJ8BNU4E
e754ddf281992023181d8245884eff62a892aa59.mp3,GBO9ZRR7
e7e345f5b0a5de5fa87c22f62bfc213c90680144.mp3,8M6YJ18R
e83328835c0db4b3a568be9ae875ea8733205937.mp3,98DPHFJH
e841cb9cc9590099c75bbf8f1151d46c0fa98c88.mp3,5ZUGKD42
e88ef5aae4e1940d4a477e89923e2a63659ac55b.mp3,F1J08R25
e9cacc1c87773f0fcdfde5108e8dca849f924a41.mp3,HS5EAEND
e9f20c3c75a9b5a19b2c53400e6ae021108301c8.mp3,SYLZC3MP
e9fba1fe54989812ae24cf339c84cc0e42040904.mp3,GTB6R35R
ea3baadac26c94ebad6400fd7ef4d1b8433ab8e8.mp3,RVHI5A2Y
eb34de7a0c6179f66bab516640508ab9c536530f.mp3,Q9QB6F4G
eb85f2e91b474373dba639b0c380e6156897ba04.mp3,EQ1BZCV3
ebf70714b1c6bf5de1ac7a641723fed58b92ee8a.mp3,CGZVYWLC
ec9c7f7e12ae7965a47cf172fb48a0ad39eb8cc8.mp3,X1DDAP78
ed226bcd49eafc2fdd5ca07cb113974911312259.mp3,9T1GFYZK
ed4c685752ddf8ad11f0acee2783ac7fa11abeb9.mp3,SJDRKK2J
ed5ba08569937ab5b7a1e63920577456c97a5aaa.mp3,U6N8L61E
ed767b955232844551c2a007a87227eb697e5172.mp3,X090EEF6
eddee4b12c3c7e22f0052954e851a444e1e3748b.mp3,HXPBW59R
ee0ba5d4fdf7d3a19a750b213aff0bd81125ea0e.mp3,CC9X7JUC
ee0ea94694c740fbe7410fea3272fa0b44346a56.mp3,F9LTZTZJ
ee15740a585bd0d83bc02bd9e1cdd485e37b4ac4.mp3,SMA5XYUL
eebecdd3c7c033400c8952aa0b2eb08a82fca591.mp3,3OMCO7MM
eee63a15c0854c466bc8b2612ef5fcd1c6dc4ad8.mp3,4N1GNDB7
ef151e20ff0784beccfd30f66750cd8acc92104f.mp3,BG67URO8
ef18e4a774f6001c308ecfccb83a93310aa358ee.mp3,GMHHJYPF
ef9d325b37422770faeab15cfc859173d63d53a7.mp3,QUFS0XGD
efd10bfada5bd26ad890595529e2342abad3738c.mp3,DJNL00KI
f00205efae8bf0433b99d07b3205fb188e1b81c3.mp3,Q12KD4G3
f06afa8d9c79e668f5e9a85af396a2da8df1916b.mp3,Y6P4C03U
f0d9dcce46dc37acdd542ef0b51f7065a3ff2c65.mp3,URMLQIUB
f1368dac39abe0b32b9880367302e98578d3216f.mp3,6NIYP2QZ
f1b3bdd43cb7d9fa084f18d94f636c90b2639239.mp3,Z3UMLL04
f21399b50089839280686ef5092882d95ba41d6d.mp3,1OB7Y54K
f27001380af03c07d76e85769308edaf5eee54d3.mp3,IWE1HNYV
f3085683103c6887b74ad168fd15ba2c5daf1d91.mp3,ZUF7J99P
f309ce0d2271337f25bf79f8dd3efa70785d8cdb.mp3,RPL8SY9Z
f445fb52aa529a81da89eb375c1a1194fe7ad3eb.mp3,YGHR217C
f4ceb7fa2cf00025e5e0a0b5908635513f42961c.mp3,ZK3N97MQ
f4ef7d01d332ba65f86e2e5abf28d750487fa70f.mp3,3XHIWOTB
f56995c9bd3988b5caeb377a143d2972b494c37c.mp3,EQ2FFRWC
f57f53fa18ed95fcbc5b165a6abc285a391eb3f4.mp3,F7BZEJNP
f696fba294ea37012b4ceddb9ca56707f49ce065.mp3,7X2R51HI
f69956457c7f6b7285449a15a44e2b6b859140a9.mp3,9T5TMDB3
f6ce8b235af84f0fc812265ad5172a7a933c9200.mp3,REL7J4LL
f6ffdb7dbd1444e67dbae0356d3519c61ce27664.mp3,A2DDSUJ5
f731ad925288b3f5db1b464fd69242dcab67326d.mp3,NH9TAMQU
f74bb54eb9afa3b87bc32056090b1e85c1d48622.mp3,1KHQ7ZTO
f754be79a7a69469129f417f4cb7906b7baf16f0.mp3,A5LZO03S
f7564ed3217bee5f56ad6f50ddac2e1cd8445f35.mp3,76ZW0UH5
f89b73eb1f167c5d6ceb527064af3277fb139054.mp3,CE030N33
f8b8f9b5daacfbed4f660b55cd036ead2f49987d.mp3,ETDPYRIY
f9251a8b110c5fa2ea7354db5cb83205466e5369.mp3,GA4DKGKT
f93bdb39cc979d26f5fa6bea40a8115e1eaa5297.mp3,LXMD7FA2
f977138af4a34719e87471a7cadcd6a4894f8a69.mp3,1K2MCE7V
f986153765eb86e55d37928203bcbd6f805d1c3d.mp3,1Y9RKB51
f9eaea22724340fcc29b3d5538db3f0eeacff14d.mp3,1MM1ZYCY
f9fd44a668d3efab5df6442142ab3edecf9bb9c7.mp3,STEU4EIA
fa3818a2c9c7e6eedd3e4d5c16e6dc9f6b28e219.mp3,PR9XPT8N
fa45a161ff0902583b1fda4e6c24b42a7c124088.mp3,21990TDI
fa5d440869c7dcb577be07ddcc0ee6a5cc80f084.mp3,T785F8CD
fac3b937342dd460a7398058be5fbad96f53c3fe.mp3,OSDMNJ06
fbe41dbd8ebb89d94b6736c441a840cda17a34af.mp3,XATNY8I4
fc12cb7f8512734e6204e0d1f69b1b7599711e3a.mp3,JCZ8G4JA
fc29156e663eff3ff72dcb0f591a005eb84d472f.mp3,F9OSKWPT
fc3fd5f1809e1548dee81abd99369163f41cd451.mp3,V6QUWJJ0
fd02cd2382c0cae19e5cf5f9fad8dc0f8eaed124.mp3,AU8GCEV7
fd8ab63a81da10429605c16fcf632fd003a7bef4.mp3,PCJR1JES
fdd8ea8ac54d4b6330f0dc628f0b0dbe502ec028.mp3,ZJKHS2JY
fe082147dd8f813e54b3c8a39b01e0bf8e7bd10d.mp3,BU3Q3GRU
fe5fcdb4b9ee4585c9075e51dad3c669361da443.mp3,4P5D9W7U
feb6080b93a1b875508632edd31c166a4d335198.mp3,5F1ZO9QJ
ff3578cd8ae32a163a5961d4cdfcdfa3f0571515.mp3,4XTW4TDB
ff3fe4743da541b5174312529c78aecf22fd14d0.mp3,VOR4510S
ffbbad94e079f7c59970555e03d59151e7969382.mp3,6IU1JR87
ffed0cbb8af0a450a5075e735f20aa351d71190b.mp3,XJ4MCV5B
fffe83b7698ddfff0b4282e1c7088d3ad38668fd.mp3,Y93MIWA9
